ID,Title,Price,Area,Bedrooms,Floors,Direction,Address,Images,Phone,Description
ebfdfb12-a926-40ca-9886-b606eac9cb99,Bán đất nền dự án fenixcity view quốc lộ sông hậu giá chỉ từ 240tr,240 Triệu/m²,80 m²,NaN,NaN,NaN,"91C, Tân Phú, Cái Răng, Cần Thơ",['http://cdn.batdongsan.vn/FileManager/Upload/1232020/z2202138255104201d13ee456c5f52c5ca9dc54e4d7fc4.jpg'],0707260783,"- Giá F0 từ CĐT: Từ 680- 800 triệu. ( ngân hàng hỗ trợ vay 70% )
- Pháp lý rõ ràng: Sổ hồng riêng từng nền
- Tiện ích đẳng cấp 5 sao:
+ Khu checkin chill nhất
+ Khu trung tâm thương mại
+ Trường học
+ Chợ
+ Khu vui chơi thể thao
+ Sở hữu 2 cầu cảng du thuyền - thuyền CaZac ........…
FenixCity hiện là viên ngọc sáng nhất phía Nam Cần Thơ, khi sở hữu 2 mặt tiền đắt giá bậc nhất là View mt đường 80m2 và View mặt tiền sông Hậu.
- Đặc điểm xung quanh: Chợ Cái Côn, Chợ Nổi Trà Ôn, Cảng Lee&man, KCN Sông Hậu, KCN Hưng Phú, Nhiệt Điện Sông Hậu 1.....KDC Tân Phú...
- Liên kết vùng : Fenix City nằm ngay khu vực VÀNG tiếp giáp trực tiếp với 3 tỉnh Cần Thơ, Sóc Trăng, Vĩnh Long và dễ dàng giao thương về các tỉnh lân cận ở miền Tây sông nước.
Liên hệ để biết thêm thông tin"
7855918e-ba0c-49f2-9d12-c8d1eebb34ce,"Chính chủ cần bán đất long tuyền, bình thủy, cần thơ",450 Triệu,150 m²,NaN,NaN,NaN,"KV Bình Phó B, Long Tuyền, Bình Thủy, Cần Thơ",[],0918434486,"CHÍNH CHỦ CẦN BÁN ĐẤT LONG TUYỀN, BÌNH THỦY, CẦN THƠ
Diện tích: 150 m2
Địa chỉ: KV Bình Phó B, Long Tuyền, Bình Thủy, Cần Thơ
- Mình cần bán miếng đất thuộc KV Bình Phó B, Long Tuyền. Vị trí đẹp, đường xá thuận tiện.
- Vị trí rất gần Trung tâm, trường học, bệnh viện, các sở ban ngành, chỉ mất 5 phút chạy xe hon đa là tới bệnh viện Nhi Đồng, trường Đại học FPT, .....
Tổng giá: 450 triệu/tổng, Thương lượng nhẹ cho khách có thiện chí.
Liên hệ: 0918434486 Ms Thuỳ
http://batdongsantoancau.net.vn/property/chinh-chu-can-ban-dat-long-tuyen-binh-thuy-can-tho"
16e3e9dc-1a5e-4098-afa6-ac53bab1c7ad,🏣 shophouse phố đi bộ dự án stella mega city 🔎 được giới đầu tư săn lùng,"6,5 Tỷ",111 m²,NaN,NaN,NaN,"Võ Văn Kiệt, Bình Thủy, Bình Thủy, Cần Thơ",['http://cdn.batdongsan.vn/FileManager/Upload/12102020/13030588821727659319322128115043032179531n.jpg'],0825964508,"🔸Vị trí nổi bật 🔸 Không gian độc đáo
🔸 Kinh doanh tốt 🔸 Tỷ suất cho thuê cao
💥ĐẶC BIỆT
✅Thanh toán chỉ 1%/tháng
✅Chiết khấu lên đến 11%
————————————————————
Shophouse Phân khu Ánh Sáng The Ambi
💎Tọa lạc tại vị trí cửa ngõ Kinh tế - Văn hóa - Du lịch ĐBSCL, liền kề Sân bay Quốc tế
💎 Thuộc quần thể tiện ích đẳng cấp: Phố Đi Bộ, Hồ Ánh sáng, Sân tập golf.
🔥Số lượng giới hạn chỉ 160 căn
The Ambi - Phân khu Ánh sáng thuộc Đại Đô Thị Stella Mega City - TP.Cần Thơ
ℹ Đón đầu Cao tốc Trung Lương - Mỹ Thuận thông xe cuối năm 2020
ℹ Đền Hùng - du lịch tâm linh lớn nhất ĐBSCL.
ℹ Đầy đủ tiện ích, Trung tâm Hành chính, Trường học, Bệnh viện,... ngay bên trong dự án
ℹ Giá tổng 6 tỷ 5 / Căn - Thanh toán mỗi tháng chỉ 1% trải dài đến 2 năm
ℹ Pháp lý minh bạch - Ngân Hàng hỗ trợ đến 70%
———————————————————
☎️ HOTLINE : 0825964508 (Gặp Vũ)"
35f5a6bc-b670-475b-b4a5-c56b2b909855,"Bán nền diện tích đẹp 7,5x22 cách bệnh viện số 10 1km giá 620 triệu",620 Triệu,165 m²,NaN,NaN,NaN,"1, Hưng Thạnh, Cái Răng, Cần Thơ",['http://cdn.batdongsan.vn/FileManager/Upload/1292020/1302652704288175349764962469759434440474742n.jpg'],0937816369,"230. BÁN NỀN DIỆN TÍCH ĐẸP 7,5x22 CÁCH BỆNH VIỆN SỐ 10 1KM GIÁ 620 TRIỆU
•vị trí nền KV Thạnh Hưng, Cái Răng, TP Cần Thơ, cách tỉnh lộ 925 300m, Cách BV Số 10 tầm 1 km, khu vực tiềm năng giá tăng cao, thích hợp làm nghĩ dưỡng, đầu tư sinh lời cao
• diện tích: 7,5m × 22m =165m
• pháp lý: cây lâu năm
• Lộ thực tế 4m , ô tô đi tới nền
• hướng: tây nam
• bao không quy hoạch, xung quanh dân cư đông.
•• Giá bán : 620 triệu
••• liên hệ: 0937816369 AN"
2f986501-3e99-44d5-886d-79c37c8002eb,Bán nhà trệt lửng mặt tiền lộ chợ số 10 giá 1 tỷ 700 triệu,"1,7 Tỷ",86 m²,3 (phòng),1 (tầng),Đông-Nam,"Ba Láng, Cái Răng, Cần Thơ",['http://cdn.batdongsan.vn/FileManager/Upload/1292020/1295782104294084749174021232630373593796124n.jpg'],0937816369,"37. BÁN NHÀ TRỆT LỬNG MẶT TIỀN LỘ CHỢ SỐ 10
• nhà vị trí đẹp, nằm ngay mặt tiền lộ chợ số 10, cách khu chung cư an phú 300m, cách chợ nổi cái răng 400m, xung quanh có đầy đủ các trường mầm non, cấp 1,2,3...
• diện tích: 6m x 13,2m= 86,4m2 (nở hậu 7,2m)
• pháp lý: cây lâu năm
• hướng: đông nam
• lộ giới: 7m xe tải 2 chiếc qua mặt vèo vèo
•kết cấu nhà: trệt lửng, sân trước, phòng khách, 3 phòng ngủ, bếp, 2 tolet, nhà xây dựng kiên cố sạch đẹp, xem nhà là thích ngay
••• giá bán: 1 tỷ 700 triệu (thương lượng)
••• liên hệ: 0937816369 AN"
ac96d134-e441-4c14-aec7-e1f0df8c052a,Bán nền 395m2 vuông vức đường nguyễn thị trâm cách quốc lộ 1a,"4,2 Tỷ",395 m²,NaN,NaN,NaN,"1, Thường Thạnh, Cái Răng, Cần Thơ",['http://cdn.batdongsan.vn/FileManager/Upload/1292020/3-Copy-70.jpg'],0939739197,"🌼🌼 Bán nền 395m2 vuông vức đường Nguyễn Thị Trâm ⭐⭐
- Vị trí: đường Nguyễn Thị Trâm, QL 1 quẹo vô chưa tới 100m. Thuộc tuyến tránh BOT Cái Răng,.
- Diện tích: 12,3 x 32,4 = 395,4m2
- Pháp lý: 150m2 ODT; 245,4 CLN.
- Lộ giới: 10m
💰 Giá bán 4 tỷ 200 (thương lượng)
☎️Lh: 0939517868 Huỳnh Tốt"
6bb60cdd-fe58-4a47-b079-041af96b7bf4,Kính mời quí khách tham quan và du lịch tại dự án phenixcity cần thơ,239 Triệu,80 m²,NaN,NaN,NaN,"91C, Tân Phú, Cái Răng, Cần Thơ",['http://cdn.batdongsan.vn/FileManager/Upload/1292020/z2212429313897e7f0ffa3dddbd54fc390ef9911974d6e.jpg'],0707260783,"Dự án: PhenixSity.
Thông tin chi tiết: Mở bán 10 nền đất suất ưu đãi
- Giai đoạn F0
- Chủ Đầu Tư Gia Bình Group. Siêu Dự Án View Sông Hậu
Đặc biệt nằm ven theo sông Hậu gió mát view đẹp.
- Nằm tại huyện Châu Thành tỉnh Hậu Giang bao đẹp và hợp pháp về mọi mặt.
- Nói không với trung gian khi mua bán.
- Đường nhựa 2 chiều full khu dự án.
- Giá F0 từ CĐT: Từ 680- 800 triệu. ( ngân hàng hỗ trợ vay 70% )
- Pháp lý rõ ràng: Sổ hồng riêng từng nền
- Tiện ích đẳng cấp 5***** sao:
+ Khu trung tâm thương mại
+ Trường học
+ Chợ
+ Khu vui chơi thể thao
+ Sở hữu 2 cầu cảng du thuyền - thuyền CaZac ........…"
09a5224b-a53c-4ad0-9176-13ff129015e4,Chính chủ bán gấp 3 lô mặt tiền giá 850tr ở gần cái cui nam cần thơ,850 Triệu,80 m²,NaN,NaN,NaN,"Võ Nguyên Giáp, Tân Phú, Cái Răng, Cần Thơ",[],0909443729,"- Đất mặt tiền đường quốc lộ 40m.
- Đất thổ cư 100% diện tích 80m2. (5x16)
- Giá 850tr có sổ hồng riêng và ra công chứng.
- Liên lạc 0909443729(Công) để biết thêm thông tin và đi xem đất.
----------------------------------------------------------------------------------------------------------------------------------------------------------------------------------------------------------------------------------------------------------------------------------------------"
73a117e1-d9d2-4a4e-a667-91479996821e,"Chính chủ bán gấp nhà cấp 4 mặt tiền hẻm xe hơi cmt8, cái khế, ninh kiều dt 110m2 giá 3,2 tỷ","3,2 Tỷ",110 m²,5 (phòng),1 (tầng),Tây-Bắc,"Cách Mạng Tháng Tám, Cái Khế, Ninh Kiều, Cần Thơ",['http://cdn.batdongsan.vn/FileManager/Upload/1292020/z2218432150201a44a4b710dccb9457415dcec89af9790.jpg'],0909443729,"- Hẻm 70 cách mạng tháng 8 cách đường chính 20m.
- Gần vincom hùng vương 100m, cách bến ninh kiều 300m, khu thương mại sầm uất bật nhất Cần Thơ
- Hẻm xe hơi 5m.
- Diện tích đất 110m2, nhà nở hậu, dài hơn 30m ngăn thành 4, 5 phòng vô tư, nhà còn mới tinh.
- Hướng nhà Tây Bắc (tây tứ trạch).
- Giá: 3,2 tỷ.
- Xuống tiền trao sổ hồng riêng tận tay
- Không dính quy hoạch, không tranh chấp, không sổ tay vi bằng.
- Liên hệ: 0909443729 (Công)."
9239f026-3f21-4710-a9b7-9ad6e87e2731,"Bán nhà mặt tiền phan huy chú , an khánh , quận ninh kiều, cần thơ","3,65 Tỷ",54 m²,2 (phòng),2 (tầng),NaN,"67, Đường Phan Huy Chú, Phường An Khánh, Quận Ninh Kiều, Cần Thơ",['http://cdn.batdongsan.vn/FileManager/Upload/1292020/2-2.jpg'],0935220058,"BÁN NHÀ MẶT TIỀN PHAN HUY CHÚ , AN KHÁNH , QUẬN NINH KIỀU, CẦN THƠ
-Diện tích đất: 53.85 m² (Chiều ngang: 5 m,Chiều dài: 10.85 m)
-Hướng cửa chính: Đông Bắc
-Giấy tờ pháp lý: Đã có sổ chính chủ.
-Do chuyển công tác nên cần bán nhà mặt tiền đang cho thuê, thu nhập ổn định tại 67 Phan Huy Chú, p An Khánh, q Ninh Kiều, Tp Cần Thơ.
-Nhà 2 tầng có 2 phòng ngủ , 3wc, bếp, phòng khách ….
-Nhà gần UBND p An Khánh, chợ An Khánh, gần trường học rất thuận tiện. Nhà gồm 1 trệt, lửng, 1 lầu.
-Khu an ninh tốt, hàng xóm than thiện, nhà mặt phố, mặt tiền, giao thông thuận tiện.
*Diện tích sử dụng: 140 m²
*Gía bán :3,65 tỷ- 53.85 m2 (Giá/m2: 68,87 triệu/m²)
*Địa chỉ:67, Đường Phan Huy Chú, Phường An Khánh, Quận Ninh Kiều, Cần Thơ
*Liên hệ:: 0935220058( THÁI PHƯƠNG)"
f726e1f3-5ee3-43df-bc87-f294fa8f908c,💥 💥 💥 7 yếu tố vàng tạo nên giá trị của dãy shophouse - the ambi 💥 💥 💥,"1,98 Tỷ",99 m²,NaN,NaN,NaN,"Bình Thủy, Cần Thơ",['http://cdn.batdongsan.vn/FileManager/Upload/1292020/13014631627809871922294132175526574728304214n.jpg'],0825964508,"ếu tố thành công của 1 sản phẩm Shophouse vẫn là sau này khu vực đó có khách nhiều hay ít.
- 1 BĐS nhà phố hay căn hộ có thể tăng giá đến 1 điểm nào đó hợp lý rồi thôi nhưng đối với Shophouse giá có thể tăng vô giới hạn. (Nhưngtất nhiên khu vực đó phải thật sự thu hút người dân lui tới và kinh doanh buôn bán được.
- Vậy thử nghĩ 1 căn shophouse có tất cả những yếu tố vị trí như sau thì sau này có lượng khách lui tới hay không ?
⚡ Yếu tố 1: Căn Shophouse này năm trên 1 trục đường sau này sẽ là ""Phố Đi Bộ"" và ""Chợ Đêm Cao Cấp"" đầu tiên tại Cần Thơ.
⚡ Yếu tố 2: Căn Shophouse này nằm trong 1 khu đô thị sau này chắc chắn sẽ là điểm checkin bắt buộc dân du lịch và local phải lui tới thứ 3 tại Cần Thơ sau Bến Ninh Kiều và Chợ Nổi.
⚡ Yếu tố 3: Căn Shophouse này nằm trong 1 khu liền kề với sân tập Golf mang tiêu chuẩn quốc tế 2.5ha đầu tiên và duy nhất tại Đồng Bằng Sông Cửu Long.
⚡ Yếu tố 4: Căn Shophouse này nằm trong 1 khu liền kề với 1 công trình Tâm Linh Quốc Gia đó là Đền Thờ Vua Hùng hiện đại và quy mô lớn nhất Việt Nam từ trước đến giờ.
⚡ Yếu tố 5: Căn Shophouse này nằm ngay trong khu Trung Tâm Hành Chính của 1 Quận tại Thành Phố Cần Thơ.
⚡ Yếu tố 6: Căn Shophouse này nằm liền kề Sân Bay Quốc Tế Cần Thơ và trên trục đường ""Ngoại Giao"" của Cần Thơ
⚡ Yếu tố 7: Căn Shophouse này được thiết kế 1 trệt 3 lầu 5x22m.
🆘 🆘 🆘 Đặc biệt: Căn Shophouse kể trên chỉ cần thành toán 65 triệu / tháng để sở hữu."
162f6ea9-c5c9-46ef-9dc0-8feb93cccd1e,Chuyển nhượng nền sổ đỏ giá mềm ngay phố đi bộ phân khu ambi - stella mega city. lh:0942621063,20 Triệu/m²,110 m²,NaN,NaN,NaN,"Lê Hồng Phong, Phường Bình Thủy, Cần Thơ",['http://cdn.batdongsan.vn/FileManager/Upload/1282020/ff86f9505263a33dfa72-Copy-1.jpg'],0942621063,"SIÊU PHẨM PHÂN KHU THE AMBI - KHU ĐÔ THỊ STELLA MEGA CITY
Với những tiện ích nổi bật:
- Đại lộ ánh sáng kết hợp phố đi bộ mặt tiền đường 25m
- Công viên Hồ Ánh Sáng với tổng diện tích gần 7000m2
- Sân tập Golf chuyên nghiệp được nhà thầu từ Mỹ xây dựng.
- Khu Shophouse đẳng cấp sang trọng 1 trệt 4 lầu Nằm giữa 2 trục ngang song song của dự án
- Diện tích nền đa dạng phù hợp theo từng nhu cầu của khách hàng
Nhận giữ chổ ngay hôm nay để chọn những nền đẹp nhất trong Ambi. diện tích: 90-120m2 giá bán chỉ từ 2 tỉ
Liên Hệ: 0942621063 (Ms. Băng)"
48dbc6a1-0684-4522-8017-9d680e3d2880,"Bán nền sổ đỏ giá mềm kdc ngân thuận 2 tỷ, thanh toán 20tr/tháng. lh:09126914477",21 Triệu/m²,99 m²,NaN,NaN,NaN,CẦN THƠ,['http://cdn.batdongsan.vn/FileManager/Upload/1282020/ff86f9505263a33dfa72.jpg'],0912691477,"Bán nền L21 khu Ngân Thận, lộ giới 14m, diện tích 4,5 x 22. Vị trí cực đẹp, sổ hồng thổ cư 100%. Giá 2 tỷ.- Nền đường Số 44 khu Ngân Thuận Phường Bình Thủy Quận Bình Thủy Cần Thơ.- Diện tích: 4,5 x 22 = 99m2.- Pháp lý: Sổ hồng, thổ cư 100%.- Hướng: Đông Nam.- Lộ giới: 14m
- Vị trí: Nền gần với cơ quan hành chính, công viên, trường học
- Giá bán: 2 tỷLiên hệ: 0912691477 Mr. Lương"
96e34bd9-b4a7-4f99-98a8-372b8bd22993,"Bán nhanh nền đẹp có sổ ngay khu phố đi bộ cần thơ giá mềm, thanh toán 1%/ tháng. lh:0912691477","2,3 Tỷ",110 m²,NaN,NaN,NaN,Bình Thuỷ Cần Thơ,[],0912691477,"Đại Đô Thị Stella Mega CityPHÂN KHU ĐÁNG GIÁ NHẤT : THE AMBI - ĐẠI LỘ ÁNH SÁNG .Ưu Điểm: Vị trí đắc địa , tiềm năng phát triển cực khủng , gần Công Viên Ánh Sáng Phố đi bộ , Shophouse Thương Mại, Sân Tập Golf...Diện Tích : 5 x 22 = 110m2Lộ Giới : Từ 14m - 25m .Giá Bán F0 từ CĐT CHỈ 23 TRIỆU /m2 - cơ hội nhận chiết khấu lên đến 6 % .Đặc Biệt nhằm tạo điều kiện cho quý Khách Hàng xoay dòng vốn đầu tư hoặc xây dựng nhà với chính sách cực KHỦNG :- Hỗ trợ quý KH trả chậm trong 2 năm không lãi suất, mỗi tháng chỉ từ 1%- Ngân Hàng VPbank hỗ trợ vay 70% (25 năm) năm đầu không lãi, gốc .Liên Hệ : 0912691477 (Mr. Lương)."
b4ef541e-c2e6-43ec-97c7-6f5b764bcc49,"Fenix city | vùng đất phượng hoàng lửa, thổ cư 100%, sang năm lợi nhuận tăng ít nhất 30%",240 Triệu,100 m²,NaN,NaN,NaN,"Võ Nguyên Giáp, Hưng Phú, Cái Răng, Cần Thơ",['http://cdn.batdongsan.vn/FileManager/Upload/1282020/img20201122101751.jpg'],0903878349,"🌈 Đừng bỏ lỡ đất nền mặt tiền đô thị Fenix City với giá cực ưu đãi từ chủ đầu tư.
Dự án Fenix City, Đường Nam Sông Hậu(Quốc lộ 91C), Thị trấn Mái Dầm, Châu Thành, Hậu Giang
🌈 Fenix City khu đô thị phía Nam Cần Thơ
Đất nền sở hữu mặt tiền Quốc lộ 91C và mặt sau có view sông Hậu 1km.

🌈 Tặng ngay 5 chỉ vàng SJC.
🌠Liên hệ ngay Hotline Phòng Kinh Doanh: Chủ Đầu Tư 0903 878 349để được nhân viên tư vấn chi tiết.
----------------------------------
Tổng diện tích quy hoạch: 31.3 ha.
Quy mô: 1.768 nền.
Diện tích trung bình: Từ 80-100 m2.
Cơ sở hạ tầng: Hoàn thiện 100%
Pháp lý: Quy hoạch tổng thể 1/500, đất thổ cư 100%, sổ hồng riêng.
Giá bán Fenix City Hậu Giang: Chỉ 800 triệu / nền. Khách hàng chỉ cần thanh toán 30% 240 triệu nhận ngay nền xây dựng.
Thanh toán linh hoạt: 30%, 70%.
Hỗ trợ vay ngân hàng với lãi suất ưu đãi.
Chiết khấu cao cho khách hàng mua sỉ đầu tư
Có thể bạn chưa biết: Diễn viên Quốc Trường đã ""tậu"" 6 lô ở Fenix City. Làm hàng xóm của ảnh thôi nào ^^
📲0️⃣9️⃣0️⃣3️⃣8️⃣7️⃣8️⃣3️⃣4️⃣9️⃣"
f311f3c3-4101-4ccf-8d26-8580647e627b,Bán đất nền dự án quận cái răng - cần thơ giá 239tr,239 Triệu,80 m²,NaN,NaN,NaN,"91C, Tân Phú, Cái Răng, Cần Thơ",['http://cdn.batdongsan.vn/FileManager/Upload/1282020/z220213841924602708f1d03fe403c221a6f779a287eca.jpg'],0707260783,"Bán lô đất dự án #FenixCity gần trung tâm TP Cần Thơ - 2 mặt tiền view Sông Hậu
-Công viên trung tâm , trường học , Chợ thương mại - truyền thống, khu phức hợp thể thao, 2 bến cảng neo đầu du thuyền, ...
-gần KCN , nhà máy giấy Lee&Man , đường cao tốc nối các tuyền miền Tây, gần chợ nổi cái Răng, cảng Cái Cui , ....
- Đối diện dự án Đại đô thị Đất Xanh
- Cơ sở hạ tầng đầy đủ
- Giá chỉ từ 239tr - Ngân hàng hỗ trợ lên đến 70%"
1eee08d6-97d9-40b2-8819-5d22a6bca40d,"Bán đất vị trí đặt ở trong đường nam sông hậu(quốc lộ 91c), huyện châu thành giá bán chính chủ chỉ 809 triệu dt đúng với trên ảnh 80 m2",239 Triệu/m²,80 m²,NaN,NaN,NaN,"91C, Hưng Phú, Cái Răng, Cần Thơ",['http://cdn.batdongsan.vn/FileManager/Upload/1282020/3a881f96b2a343fd1ab2.jpg'],0932198583,"Giới thiệu ĐẤT NỀN 240TR 80 M2
- VIEW SÔNG
- GẦN TP CẦN TH�
- SỔ HỒNG TRAO TAY
- SỐ LƯỢNG CÓ HẠN Chỉ cần 240 triệu bạn có thể có ngay một nền 80m2 tại Khu đô thị phía Nam Cần Thơ. Phù hợp để ở và để đầu tư sinh lợi cao. Ngoài ra nếu nhu cầu cao hơn, rộng hơn thì bên mình có hỗ trợ luôn nền với diện tích 82.5m2, 100m2, 290m2. Nếu bạn đặt cọc or thanh toán 70% trước ngày 28.12.2020 thì mới có giá này nhé. Hiện tại đang bán ở lần mở bán thứ 2 giá đã cao gần gấp đôi giai đoạn 1. Sắp mở bán lần 3 vào ngày 28.12.2020 tất nhiên tỉ suất sinh lợi là điều chắc chắn và CTY hỗ trợ lâu dài cho bạn yên tâm về vấn đề pháp lý cũng như uy tín của cty.
- Pháp lý đầy đủ.
- Thanh toán 240 triệu có ngay nền 80m2.
- View Sông Hậu thoáng mát.
- Gần Cảng Cái Cui.
- Hỗ trợ vay ngân hàng lãi suất ưu đãi. 🧱
Đường trải nhựa 2 chiều và điện full dự án."
3c2100ef-6ab0-441d-99fc-49ccab091b16,Đất nền sổ đỏ kdt sân bay lớn nhất cần thơ kdc stella mega city bình thuỷ giá tốt trả góp 2 năm,"1,806 Tỷ",90 m²,NaN,NaN,NaN,Bình Thuỷ Cần Thơ,[],0569070489,"♻♻♻Stella Mega city đất nền phân khu hiện đại và sôi động bậc nhất Cần Thơ.
- Với diện tích phân lô đa dang 5x22,5x25,5x27,5..
- Kết nối giao thông thuận tiện với 2 trục đường chính Võ Văn Kiệt và Ql91 đến các vùng lân cận và tỉnh thành miền Tây.
- Hệ thống tiện ích cùng với không khí thiên nhiên trong lành với hơn 10.000 ngàn cây xanh,hệ thông chăm sóc sức khoẻ cho cả 3 thế hệ : bệnh viện nội khu,sân golf,phòng gym,yoga,hồ bơi ,đường chạy bộ,trường học cấp I,II,III...Đặc biệt hơn với sự tập trung các đơn vị và cơ quan hành chính quận đã và đang hoạt động tại khu đô thị..
- Lịch thanh toán 1%/tháng ,chiết khấu lên đến 6% cùng nhiều chính sách ưu đãi cho khách hàng đến hết tháng 11/à
- Cơ hội lớn cho khách hàng đầu tư.Hãy liên hệ tôi theo thông tin dưới đây để biết thêm sản phẩm.
- ☎️☎️☎️ PKD : 0931066613 (zalo 0909653992 ) PKD Dự Án Stella Mega City Cần Thơ"
a1cf95c5-475c-4e37-ac29-4e0b014fd383,Đất nền siêu đại đô thị liền kề sân bay quốc tế cần thơ trả góp 19tr/ tháng - mua bao lời ở bao sướng,"1,806 Tỷ",90 m²,NaN,NaN,NaN,Bình Thuỷ Cần Thơ,['http://cdn.batdongsan.vn/FileManager/Upload/1282020/0-02-06-c442c891acadeddabbe234f5c320f4df37bdeebd6eb388b92a4bfff5fd8bfc75d30a4b3d.jpg'],0569070489,"🔹Nền Thổ Cư Khu Đô Thị STELLA - Trung tâm TP. Cần Thơ.
👉Diện tích ( 5 x 22 ).
👉Lộ ô tô quay đầu.
👉Hạ tầng hoàn thiện 80%, điện âm, nước máy.
💰Giá bán: 650 triệu thanh toán trước 30%.
🚦Ngân hàng hỗ trợ lãi suất 12 tháng.
📕Pháp lý : Sổ hồng thổ cư 💯
👉Hỗ trợ trả chậm 1%/tháng không lãi trong 24 tháng.
⛳️Gần: Shophouse, Công viên hồ ánh sáng, Sân Golf, Ngay trung tâm Quận, trường học liên cấp, ...
👉Chiết khấu lên tới 6%
☎️☎️0931066613 (zalo 0909653992 ) PKD Dự án Stella Mega City - sỡ hữu nền ngay."
0c1a6493-6142-4bd3-90b7-6b89cd8baf57,"Phố đi bộ ambi-nơi giao hưởng màu sắc mới , hiện đại , phong cách ,kênh đầu tư thông minh giá rẻ lh;0945571063",36 Triệu/m²,110 m²,3 (phòng),5 (tầng),NaN,"đường Lê Hồng Phong, P. Bình Thủy, Q. Bình Thủy, Tp. Cần Thơ",['http://cdn.batdongsan.vn/FileManager/Upload/1272020/e5ab7d6fd65c27027e4d.jpg'],0945571063,"Mở bán giỏ hàng phân khu The Ambi Đại Lộ Ánh Sáng – dự án Stella Mega City Cần Thơ.
Booking dãy Shophouse mặt tiền lộ giới 25m phố đi bộ sầm uất lớn nhất Cần Thơ.
- Gần sân tập Golf đẳng cấp và hồ ánh sáng huyền ảo.
- Diện tích 110m2 (5x22).
- Diện tích sàn 332,92 m2.
- Xây dựng 1 trệt 3 lầu , theo phong cách Địa Trung Hải .
- Thời gian nhận booking từ 1/12 – 13/12 sẽ được chiết khấu 2% trừ vào giá bán.
- TT nhanh 60% được hưởng CK 4%, TT nhanh 97% CK 6%
- Được hỗ trợ thanh toán trả chậm 2 năm không lãi suất, mỗi tháng thanh toán 1-2% như đóng tiền gửi ngân hàng.
-Ngân hàng hỗ trợ vay tối đa 70%, được CĐT hỗ trợ lãi suất & ân hạn nợ gốc 12 tháng đầu tiên.
HOTLINE: 0945571063 Ms.Loan để được hỗ trợ trực tiếp và đưa đón đi xem thực tế dự án miễn phí về ngay trong ngày ạ ."
63e9d441-d8cd-4486-99a5-0a3e066eff69,Với vị trí vô cùng tốt đây là cơ hội vàng cho làng đầu tư bất động sản,"2,2 Tỷ",110 m²,NaN,NaN,NaN,"Võ Văn Kiệt, Bình Thủy, Bình Thủy, Cần Thơ",['http://cdn.batdongsan.vn/FileManager/Upload/1272020/z220876313063258588e109a136398d450c605929045b0.jpg'],0337339338,"CƠ HỘI VÀNG CHO LÀNG ĐẦU TƯ BẤT ĐỘNG SẢN
- Cơ hội cho đầu tư sinh lời hấp dẫn trong giai đoạn đầu tư của dự án, khả năng sinh lời khoảng 15-30% sau 3-4 tháng đầu tư.
- vị trí vàng để đầu tư con đường huyết mạch nối liền 2 đại lộ Võ Văn Kiệt và Lê Hồng Phong tiếp giáp kdc đông đúc KCN Trà Nóc,
- Pháp lý rõ ràng minh bạch cam kết nhận sổ công chứng sang tên ngay.
- Khu đô thị duy nhất của Cần Thơ, có tiềm năng du lịch ( đền thờ vua hùng, sân bay Cần Thơ, Cồn Sơn)
- Tiện ích 5 sao, trung tâm hội nghị, sân Golt, công viên cá Koi, Đường Ánh Sáng, Hồ Ánh Sáng.
- Di chuyển thuận lợi đi các tỉnh An giang, long xuyên, kiên giang... Thổ cư 100% Sổ đỏ chính chủ Giá chỉ 23tr/m2 LG: 14m Hướng: Tây bắc"
93a7e729-393b-4b51-8c64-a41bbae2d3e6,Bán gấp nền sổ đỏ giá 1tỷ9/ nền khu dân cư ngân thuận ngay trung tâm. lh: 0942621063,"2,323 Tỷ",110 m²,NaN,NaN,NaN,CẦN THƠ,['http://cdn.batdongsan.vn/FileManager/Upload/1242020/e382a254fb7e0a20536f-Copy-2.jpg'],0942621063,"Giữa Cần Thơ mơ màng trong giấc mộng, lộ diện một tâm điểm sôi động sầm uất, xứng danh ""di sản"" truyền đời.Đó chính là - phân khu hiện đại bậc nhất đại đô thị Stella Mega City.- Giá chỉ từ 2 tỷ/lô.- Diện tích: 5mx22m.Tích hợp đa dạng các hình thức giải trí, ngắm cảnh, mua sắm của một đô thị hoàn chỉnh, The AMBI không chỉ đáp ứng mọi nhu cầu sống mà còn mang đến những trải nghiệm khác biệt với chuỗi công trình nghệ thuật đặc sắc:- Cổng Ánh Sáng.- Đại Lộ Ánh Sáng.- Hồ Ánh Sáng.- Vườn Ánh Sáng.Và còn nhiều giá trị tiện nghi khác được thừa hưởng từ Đại đô thị ngôi sao. Với tất cả hạng mục được đầu tư cao cấp, chỉn chu và độc đáo, The AMBI - Stella Mega City chính là điểm đến không thể bỏ lỡ, đem đến cuộc sống đẳng cấp bậc nhất tại Cần Thơ.
Liên hệ: 0942621063 (Ms. Băng)"
5eb023f0-c48d-41f6-9047-ec51d667614a,"Bán gấp cặp nền đẹp gần sân golf dự án stella mega city, thanh toán 1%/ tháng. lh: 0912691477","2,323 Tỷ",110 m²,NaN,NaN,NaN,CẦN THƠ,['http://cdn.batdongsan.vn/FileManager/Upload/1242020/e382a254fb7e0a20536f-Copy-1.jpg'],0912691477,"- Nằm tại khu sân golf khu The Ambi Block 52 Stella Mega City, trung tâm hành chính quận Bình Thuỷ.- Xung quanh khu hành chính nhà nước như kho bạc, UBND, chi cục thuế, khách sạn 5 sao, công viên,...- Có trường học cấp 1, 2, 3, trường mẫu giáo, chợ,... (đã có).Lộ giới 14m vỉa hè cây xanh, điện nước, có sẵn dân cư hiện hữu, đối diện là quân đội rất an ninh.- Diện tích: 112.5m2 ngang (4.5mx25m).- Ngân hàng hỗ trợ vay 70%.- Đặt biệt: Sổ đỏ sẵn công chứng ngay.- Mua lời ngay, giá đang tốt đầu tư sinh lời cao.
Liên hệ: 0912691477 (Mr. Lương)"
ae71b984-29a2-4103-bb1a-bf3c0c0304f2,Nhà biệt thự mini đường số 2 kdc nam long 2 cái răng cần thơ,"5,19 Tỷ",79 m²,4 (phòng),2 (tầng),Tây-Nam,"Hưng Thạnh, Cái Răng, Cần Thơ",['http://cdn.batdongsan.vn/FileManager/Upload/1242020/6-Copy-8.jpg'],0939739197,"🌼🌼 BÁN NHÀ KIỂU BIỆT THỰ MINI ĐƯỜNG SỐ 2 KDC NAM LONG 2 ⭐⭐
- Vị trí: 30m bên phải là công viên, hồ cảnh quan, bên trái là KDC cao tầng Nam Long.
- Diện tích: 5,7 x 14= 79,8m2
- Pháp lý: Sổ hồng hoàn công
- Hướng: tây nam
- lộ giới: 9m xe tăng quay đầu
- kết cấu: 1 trệt 2 lầu, phong khách, 4 phòng ngủ, 5 phòng WC; Sân đậu xe, Khu Bếp, Sân sau, ban công thoáng mát.
💰Giá bán: 5 tỷ 190 triệu
☎️Lh: 0939517868 Huỳnh Tốt"
ddc42095-0b9b-4996-8c31-c8f35043e63f,Chính chủ cần bán gấp cặp nền 200 m2 đường trương vĩnh nguyên,2 Tỷ,200 m²,NaN,NaN,NaN,"Đường Trương Vĩnh Nguyên, Phường Thường Thạnh, Quận Cái Răng, Cần Thơ",['http://cdn.batdongsan.vn/FileManager/Upload/1242020/4-Copy-9.jpg'],0939586093,"CHÍNH CHỦ CẦN BÁN GẤP CẶP NỀN 200 M2 ĐƯỜNG TRƯƠNG VĨNH NGUYÊN
_ Đường nhánh lộ nhựa 6m , đường trương Vĩnh nguyên , phường thường thạnh, quận cái răng , tp cần thơ.
_ Đất là nơi tiềm năng sinh lời về sau.
_ Diện tích: 4 x 25m ( 2 nền liền kề) tổng dt:200m2
+ Vị trí nền đẹp khu dân cư an ninh , đèn đường led năng lượng mặt trời.
+ Các tiện ích xung quanh:Cách khu dân cư Hoàng quân 300m , cách đường ql 1 A 1,2km , cách bến xe cần thơ 2km.
_ Giao thông thuận tiện đi lại cac tỉnh lân cận
_ An ninh tốt 24/24
_ Hướng : tây Bắc
_ Giấy tờ pháp lý: Đã có sổ
Diện tích :200 m2 (25 x 8 )
Giá bán:2 tỷ- 200 m2
Địa chỉ: Đường Trương Vĩnh Nguyên, Phường Thường Thạnh, Quận Cái Răng, Cần Thơ
Nhấn để hiện số: 0939586093"
aebdf71f-681b-4565-884f-4e1de8165603,"Bán lô đất nền 2 mặt tiền, view sông hậu..........................................",240 Triệu/m²,80 m²,NaN,NaN,NaN,"91C, Hưng Phú, Cái Răng, Cần Thơ",['http://cdn.batdongsan.vn/FileManager/Upload/1242020/0c55b124813f7061292e.jpg'],0932198583,"Mở bán 10 nền đất suất ưu đãi
- Giai đoạn F0 ngày 28/11/2020
- Chủ Đầu Tư Gia Bình Group. Siêu Dự Án View Sông Hậu
- Mặt Tiền đường Nam Sông Hậu 80m.
- Tên Dự Án : Khu Độ Thị Ánh Sáng FENIX CITY ( Trung Tâm Thị Trấn Mái Dầm - Hậu Giang ).
- Quy mô siêu khủng: Với mặt tiền dự án gần 1km mặt tiền đường nhựa 80m và 1 mặt tiền sông Hậu.
- Diện tích đa dạng: 5x16, 5x18, 5x20...6,5x20, 10x20.."
b4ee86a0-a232-498c-9a83-3704bbdb7a9b,Bán nên đẹp trong khu đô thị sầm uất stella mega city thanh toán 1%/ tháng. lh: 0912691477,"2,4 Tỷ",111 m²,NaN,NaN,NaN,Bình Thuỷ Cần Thơ,['http://cdn.batdongsan.vn/FileManager/Upload/1232020/2a0c43e7e8d4198a40c5.jpg'],0912691477,"Bán nền sổ đỏ ngay phố đi bộ đẹp nhất Cần Thơ.
- Diện tích: 111m2 (5x22,2).
- Hướng Đông Bắc.
- Lộ giới 14m.
- Pháp lí sổ đỏ.
- Giá: 2 tỷ6/nền
* Thanh toán nhẹ, mỗi tháng thanh toán 1-2% không tính lãi suất. Được ngân hàng hỗ trợ vay tối đa 70% không tính lãi 12 tháng đầu và không cần trả nợ gốc.
* Nằm trong khu đô thị kiểu mẫu của Tp. Cần Thơ. Có Cơ quan hành chính quận, trường học, bệnh viện, công viên, khách sạn, TTTM, siêu thị, KDL đền thờ vua Hùng,…
* Gần sân bay quốc tế Cần Thơ, tiềm năng sinh lời cao khi tuyến cao tốc Sài Gòn – Cần Thơ sắp về. Giá trị đất tăng phi mã khi đất ở trung tâm có sổ đỏ rõ ràng và cao tốc sắp về.
HOTTLINE/ ZALO: 0912691477 (Mr. Lương) để được hỗ trợ trực tiếp!"
91f24f1d-3059-4d5f-88dc-a31fbcd15eef,Bán shophouse khu phố đi bộ lớn nhất cần thơ thanh toán 2%/ tháng. lh: 0912691477,36 Triệu/m²,110 m²,3 (phòng),5 (tầng),NaN,"đường Lê Hồng Phong, P. Bình Thủy, Q. Bình Thủy, Tp. Cần Thơ",['http://cdn.batdongsan.vn/FileManager/Upload/1232020/e5ab7d6fd65c27027e4d.jpg'],0912691477,"Chính thức mở bán giỏ hàng phân khu Đại Lộ Ánh Sáng – dự án Stella Mega City Cần Thơ.
Booking dãy Shophouse mặt tiền lộ giới 25m phố đi bộ lớn nhất Cần Thơ.
- Gần sân tập Golf đẳng cấp và hồ ánh sáng huyền ảo.
- Diện tích 110m2 (5x22).
- Diện tích sàn 332,92 m2.
- Xây dựng 1 trệt 4 lầu.
- Thời gian nhận booking từ 1/12 – 13/12 sẽ được chiết khấu 2% vào giá bán.
- Được hỗ trợ thanh toán trả chậm 2 năm không lãi suất, mỗi tháng thanh toán 1-2% như đóng tiền gửi ngân hàng.
-Ngân hàng hỗ trợ vay tối đa 70%, được CĐT hỗ trợ lãi suất & ân hạn nợ gốc 12 tháng đầu tiên.
HOTLINE: 0912691477 (Mr. Lương) để được hỗ trợ trực tiếp!"
c2d87445-2dd0-442f-b03d-95813f703a9a,Đất khu đô thị nam cần thơ đường rộng 80m giá sở hữu 600 triệu,600 Triệu,80 m²,NaN,NaN,NaN,"Võ Nguyên Giáp, Tân Phú, Cái Răng, Cần Thơ",['http://cdn.batdongsan.vn/FileManager/Upload/1232020/4-Copy-23.jpg'],0909443729,"- Nằm tiếp giáp giữa Cần Thơ và Hậu Giang.
- Dọc trên tuyến đường Võ Nguyên Giáp nối dài.
- Mặt tiền đường rộng 80m, mặt tiền sau view sông Hậu.
- Đầy đủ pháp lý, sổ hồng riêng.
- Giá sở hữu: 600 triệu.
- Diện tích: 80-100m2.
- Liên hệ: 0909443729(Công)."
3b8406ed-eace-4602-b18f-99791d25a167,Bán nhà kiểu biệt thự mini 1 trệt 2 lầu đường số 2 kdc nam long 2,"5,19 Tỷ",80 m²,4 (phòng),2 (tầng),Tây-Nam,"2, Hưng Phú, Cái Răng, Cần Thơ",['http://cdn.batdongsan.vn/FileManager/Upload/1222020/1293867494247001687215664079097695153417902n.jpg'],0937816369,"105. BÁN NHÀ KIỂU BIỆT THỰ MINI ĐƯỜNG SỐ 2 KDC NAM LONG 2
• nhà vị trí đẹp, đối diện là các siêu biệt thự, cách 30m bên phải là công viên, hồ cảnh quan, bên trái là khu dân cư cao tầng Nam Long cao cấp
• diện tích: 5.7m x 14m= 79,8m2 DTSD: 200m2
• Pháp lý: thổ cư 100%,Sổ hồng hoàn công
• hướng: tây nam
• lộ giới: 9m xe tăng quay đầu
• kết cấu: 1 trệt 2 lầu, phong khách, 4 phòng ngủ, 5 phòng WC; Sân đậu xe, Khu Bếp, Sân sau, ban công thoáng mát
• Nhà bố trí cực kỳ tinh tế, thoáng mát, sang trọng. Cổng rào và lan can được làm bằng sắt mỹ nghệ. Tay vịn cầu thang gỗ căm xe kết hợp với kính cường lực. Toàn bộ cửa nhà sử dụng nhôm Xingfa nhập khẩu, cửa phòng ngủ, bếp, tủ kệ cầu thang (2 mặt) làm bằng gỗ căm xe; kệ tivi, tủ rượu khu bếp, cột trang trí toàn bộ làm bằng gỗ bên (gỗ đỏ)
••• giá bán: 5 tỷ 190 triệu
••• liên hệ: 0937816369 AN"
76081285-38b6-4955-b463-a0775363d9b7,"Bán đất nền dự án stella mega city. đất nền giá tốt ,vị trí đẹp",529 Triệu,120 m²,NaN,NaN,NaN,"Võ Văn Kiệt, Bình Thủy, Bình Thủy, Cần Thơ",['http://cdn.batdongsan.vn/FileManager/Upload/1222020/img20201202153955-Copy-1.jpg'],0386025538,"💝Bán nền mặt tiền 5x24, thổ cư 100%
🔖Đường nhựa 14m.
🔖Cách đường Lê Hồng Phong 30m,nền cao ráo bao đẹp,xây dựng tự do.
💎Cách công viên 50m,Trung tâm thương mại 40m, rất tiện lợi kinh doanh mua bán.
💵Gía: 529 triệu.
☎️ 0907 07 35 66"
bf26d5cd-829c-4aa1-8b40-50199e983f30,Chỉ cần 600 triệu đầu tư lô đất 100m2 tại dự án stella mega city cần thơ shr ccn,"1,98 Tỷ",100 m²,NaN,NaN,NaN,Đặng Văn Dầy,['http://cdn.batdongsan.vn/FileManager/Upload/1222020/7f335a0f9971682f3160.jpg'],0368333375,"Chỉ cần 19 triệu/m2 đã sở hữu đất nền ngay trung tâm TP Cần Thơ- Trung tâm hành chính quận Bình Thuỷ
Vị trí: Liền kề Sân Bay quốc tế Cần Thơ và Gần Đền Hùng, Chi Cục Thuế quận Bình Thủy
- Diện tích : 5*20= 100m2
- Giá đầu tư : 1.900 tỷ
- Thanh Toán: + Đợt 1: 20%: 396 triệu( ký HĐ)
+ Đợt 2: 10%: 198 triệu( sau 30 ngày TT Đợt 1)
+ 10 tháng tiếp theo, mõi tháng 1%( 19,8tr/ tháng)
+ Đợt 13: 10%
+ Từ đợt 14 đến đợt thứ 23 thanh toán mỗi đợt 2% ( mỗi đợt cách nhau 30 ngày)
+ Đợt 24: thanh toán 27%. Thanh toán đợt 25 ( 3%) nhận sổ .... Trả chậm 24 tháng không lãi suất.
- Thanh toán nhanh 60% nhận ngay 5% chiết khấu
. - Hỗ trợ vay NH lên đến 70% giá trị.
- Pháp lý: Sổ Hồng đã có từng nền.
Liên Hệ PKDCDT Giang 0368333375"
852f603b-677f-44bc-95a4-f4f903c94e49,"Bán nền đường số 2 khu dân cư chiến thắng diện tích 4,5x18","1,72 Tỷ",81 m²,NaN,NaN,NaN,"Phú Thứ, Cái Răng, Cần Thơ",['http://cdn.batdongsan.vn/FileManager/Upload/1212020/1284378254227520722497095812006298368086831n.jpg'],0937816369,"234. BÁN NỀN ĐƯỜNG SỐ 2 KHU DÂN CƯ CHIẾN THẮNG DIỆN TÍCH 4,5x18
• nền diện tích đẹp, xung quanh có đầy đủ các tiện ích, cơ sỏ hạ tầng hoàn chỉnh, khu vực rất an ninh có đầy tiềm năng tăng giá cao
• diện tích: 4,5m x 18= 81m2
• pháp lý: thổ cư 100%-sổ hồng
• hướng: tây bắc
• lộ giới: 15m, có hẻm kỹ thuật 2m
••• giá bán: 1 tỷ 720 triệu
••• liên hệ: 0937816369 AN"
ad123368-cb63-434d-a1dc-74b470df0787,Dự án: fenix city. thông tin chi tiết: đất nền 809 triệu,240 Triệu/m²,80 m²,NaN,NaN,NaN,"91C, Tân Phú, Cái Răng, Cần Thơ",['http://cdn.batdongsan.vn/FileManager/Upload/1212020/z2202150734423c8f199109cf88b761e158a9e4fcd0fb1.jpg'],0707260783,"Đặc biệt nằm ven theo sông Hậu gió mát view đẹp.
- Nằm tại huyện Châu Thành tỉnh Hậu Giang bao đẹp và hợp pháp về mọi mặt.
- Nói không với trung gian khi mua bán.
- Đường nhựa 2 chiều full khu dự án.
- Ngay trung tâm thương mại, trường học, cảng, công viên trung tâm, chợ, nhà thi đấu, sân đa năng, sân đá banh.
- Sẽ có đầy đủ quyền để thực hiện các giao dịch khác như thế chấp, chuyển nhượng, tặng cho…khi công chứng chứng thực hợp đồng tại các Văn phòng công chứng. Đặc biệt khi quý khách hàng đặt giữ chỗ hoặc cọc luôn thì sẽ được ưu tiên lựa chọn lô đất mà quý khách cảm thấy yêu thích và cơ hội được tặng 5 chỉ vàng và giảm giá rất nhiều sản phẩm. Hạn chót đến hết tháng 11/2020. Nhanh tay gọi để được tư vấn. Cảm ơn mọi người đã xem tin!
Mở bán 10 nền KĐT Fenix City Hậu Giang. Giá 799tr"
78726248-c8ef-4b6a-9867-e08e664f6b40,Đất khu đô thị thương mại nam cần thơ 800 triệu có ngay sổ hồng,800 Triệu,100 m²,NaN,NaN,NaN,"Võ Nguyên Giáp, Tân Phú, Cái Răng, Cần Thơ",['http://cdn.batdongsan.vn/FileManager/Upload/1212020/4-Copy-1.jpg'],0909443729,"- Tiếp giáp giữa Cần Thơ và Hậu Giang.
- Lộ giới đường rộng 80m, mặt sau view sông Hậu(biệt thự).
- Xung quanh có các khu công nghiệp như: KCN Sông Hậu, lee&man,… phù hợp buôn bán kinh doanh nhà nghỉ, nhà trọ và ăn uống.
- Tiện ích nội khu: cảng du thuyền, chợ du lịch, chợ đêm, công viên trung tâm, trường học, sân tập thể thao, trung tâm thương mại,…
- Giấy phép đầy đủ(tỉnh cấp phép), sổ hồng đã có.
- Diện tích: 80-100m2.
- Giá: 800 triệu sở hữu ngay 1 nền có thể buôn bán có thể ở
- Liên hệ: 0909443729 (Công) để biết thêm thông tin hoặc đi xem đất"
530c4655-509c-4893-95c2-0a6c620cd4e4,"Đầu tư ngay để nhận chiết khấu 3 chỉ vàng tại bảo lộc,shr chỉ 600tr/ nền thổ cư","1,98 Tỷ",100 m²,NaN,NaN,NaN,Đặng Văn Dầy,['http://cdn.batdongsan.vn/FileManager/Upload/1212020/7f335a0f9971682f3160.jpg'],0368333375,"Chỉ cần 18 triệu/m2 đã sở hữu đất nền ngay trung tâm TP Cần Thơ- Trung tâm hành chính quận Bình Thuỷ
Vị trí: Liền kề Sân Bay và Gần Đền Hùng, Chi Cục Thuế Bình Thủy
- Diện tích : 5*22= 100m2
- Giá đầu tư : 1.980 tỷ
- Thanh Toán: + Đợt 1: 20%: 396 triệu( ký HĐ)
+ Đợt 2: 10%: 198 triệu( sau 30 ngày TT Đợt 1)
+ 10 tháng tiếp theo, mõi tháng 1%( 19,8tr/ tháng)
+ Đợt 13: 10%
+ Từ đợt 14 đến đợt thứ 23 thanh toán mỗi đợt 2% ( mỗi đợt cách nhau 30 ngày)
+ Đợt 24: thanh toán 27%. Thanh toán đợt 25 ( 3%) nhận sổ .... Trả chậm 24 tháng không lãi suất.
- Thanh toán nhanh 60% nhận ngay 5% chiết khấu
. - Hỗ trợ vay NH lên đến 70% giá trị.
- Pháp lý: Sổ Hồng đã có từng nền.
Liên Hệ PKDCDT Giang 0368333375"
1e6dbca2-0e93-4fe4-9282-705d9787e2f0,Chính chủ cần bán gấp lô đất giá tốt tại tp cần thơ,"2,45 Tỷ",100 m²,NaN,NaN,NaN,"Hẽm liên tổ 3-4 Nguyễn Văn Cừ, An Khánh, Ninh Kiều, Tp Cần Thơ",['http://cdn.batdongsan.vn/FileManager/Upload/11302020/z2204092913395-96784a8a76802b12de472a2be4845b4d-Copy-1.jpg'],0868603527,"Chính Chủ Cần Bán Gấp Lô Đất Giá Tốt Tại Tp Cần Thơ.
-Vị trí: Hẽm liên tổ 3-4 Nguyễn Văn Cừ, An Khánh, Ninh Kiều, Tp Cần Thơ.
-Diện tích: 5x20 =100m2
-Tổng giá: 2 tỷ 450 ( có thương lượng )\
- đất thổ cư Hướng Đông Bắc nằm gần các tiện ích xã hội như : gần trung tâm, trường học, bệnh viện đại học y dược ....
-Vị trí cách Nguyễn Văn Cừ 200m, nằm trong khu đông dân sinh sống..Lộ 5m ô tô tới nền
+ Đất có địa thế phong thủy tốt, hút tài lộc. thuận tiện cho việc kinh doanh cho thuê, hoặc ở lâu dài
-Giao thông thuận tiện đi lại dễ dàng , rộng thông thoáng,
- Pháp lý đầy đủ, thủ tục ,Sổ hồng riêng công chứng ngay
MỌI NHU CẦU VUI LÒNG XIN LIÊN Hệ: 0868603527 để mua đất
(cần ra nhanh Chỉ tiếp khách thiện chí mua)"
1d4bdb3f-03a4-4231-901d-b1880cdba141,"Đất nền cần thơ-hậu giang, khu dân cư phát triển, giá tốt",800 Triệu,80 m²,NaN,NaN,NaN,"91C, Hưng Phú, Cái Răng, Cần Thơ",[],0943391852,"🆘 Nằm ngay khu vực tiềm năng phát triển nhất DBSCL
✅ Mặt trước giáp với QL91C( đường nam sông hậu), mặt sau giáp với sông Hậu
✅ Gần khu dân cư và các cụm công nghiệp
🚧 Diện tích 80m2, tiện ích đầy đủ
⚖️ Thủ tục pháp lý hoàn chỉnh, sổ hồng riêng
🏧 Ngân hàng hỗ trợ trả góp lên đến 70% chỉ cần trả trước từ 240tr với lãi suất ưu đãi
🚀 Thích hợp để đầu tư kinh doanh
📞 Lh: 0943391852 (zl) hoặc Inbox để đc hỗ trợ
Đấy thổ cưđất dự án"
63209ff4-9e6f-45f1-bc1a-287a98ade797,Bán nền mặt tiền trần đại nghĩa 100m2 đang cho thuê 12tr/tháng,"8,5 Tỷ",100 m²,NaN,NaN,Đông-Bắc,"Trần Đại Nghĩa, Cái Khế, Ninh Kiều, Cần Thơ",['http://cdn.batdongsan.vn/FileManager/Upload/11282020/2-Copy-26.jpg'],0939739197,"🌼🌼BÁN NỀN MẶT TIỀN TRẦN ĐẠI NGHĨA 100M2 ĐANG CHO THUÊ 12tr/THÁNG⭐⭐
- Vị trí: cách đường Trần Văn Khéo 100m
- Diện tích: 5 x 19,9 = 99,7m2
- Pháp lý: Thôt cư
- Hướng: Đông bắc
- Lộ giới: 13m
💰Giá bán: 8tỷ 500 triệu
☎️Lh: 0939517868 Huỳnh Tốt"
5be2894d-0df0-4ce8-bd7b-ace448a4bb38,Bán đất mt nguyễn văn cừ gần đh fpt phong điền cần thơ giá tốt.lh: 0931066613,24 Tỷ,1630 m²,NaN,NaN,NaN,Bình Thuỷ Cần Thơ,[],0569070489,"🍁🍁BÁN ĐẤT MẶT TIỀN NGUYỄN VĂN CỪ, Mỹ Khánh, Phong Điền, Cần Thơ🍁
- Giá 24 tỷ 450tr (chỉ 15 tr/m2)
- Diện tích : 20× 81= 1.630M2
- Loại đất: SKC
- Hướng Tây Bắc
- Pháp lý: sổ hồng
👉Nền mặt tiền, thích hợp xây dựng trụ sở cty, nhà xưởng,... Nền gần trường Đại học Nam Cần Thơ, Đại học FPT, gần chợ Mỹ Khánh. Khu đô thị tiềm năng phát triển mạnh.
☎️Liên hệ xem vị trí: 0931066613 (zalo 0909653992) Mr Khanh
Nhận ký gửi sang nhượng đất nền sổ đỏ giá rẻ trả góp Cần Thơ"
456f3f96-e855-4b1b-82d7-ec842cc6e63c,Bán nền nay trung tâm quận cái răng giá rẻ nhất thị trường cần thơ,"1,5 Triệu/m²",75 m²,3 (phòng),3 (tầng),Đông-Bắc,"1, Ba Láng, Cái Răng, Cần Thơ",['http://cdn.batdongsan.vn/FileManager/Upload/11272020/z2197363627687768bd437d4079fb4c20719a52a9d2495.jpg'],0904745403,"ĐẤT NỀN KÈM MÓNG GIÁ CỰC KÌ ƯU ĐÃI
🔥Giá từ 1,8 tỷ / nền
♦️ Chiết khấu lên đến 8%
♦️ Ngân hàng hỗ trợ vay 70%, lãi suất 0% Ân hạn nợ gốc 12 tháng.
✅ Vị trí: đường Lê Hồng Nhi- Q. Cái Răng- TP. Cần Thơ.
🌲Diện tích từ 73m²
🌲Lộ giới 19 m
🌲Sổ hồng riêng 100% thổ cư.
🌻Khu Compound duy tại Cần Thơ với Tiện ích nội khu đa dạng như: Công viên cây xanh, Khu vui chơi trẻ em, Lối đi bộ, Nhà hàng, Siêu thị 24h...
🌻Tiện ích ngoại khu : Ngay trung tâm quận, bán kính 500m ra Chợ Nổi Cái Răng, Siêu thị, Trường học các cấp, Bệnh viện, Chợ dân sinh...
⚘Cách trung tâm thành phố Cần Thơ chỉ 8 phút chạy xe.
Cách QL1A 300m kết nối giao thông thuận tiện di chuyển về các tỉnh lân cận.
⛳ Hotline: Sang
Nhấn để hiện số: 0904745403"
0d9daf41-4206-4b67-b981-21c2cd880a82,Bán nền thổ cư trục chính hẻm 533 đường 30/4 thông qua bờ ke tầm vu 100m2,290 Triệu,100 m²,NaN,NaN,Đông,"30/4, Hưng Lợi, Ninh Kiều, Cần Thơ",['http://cdn.batdongsan.vn/FileManager/Upload/11272020/2-Copy-24.jpg'],0939739197,"🌼🌼Bán nền thổ cư trục chính hẻm 533 đường 30/4 100m2 ⭐⭐
- vị trí: cách đường 30 tháng 4 chỉ 100m thẻ thông ra bờ kề Tầm Vu
- Diện tích: 4 x 25 = 100m2.
- Hướng: chánh Đông.
- Pháp lý: thổ cư.
- Lộ giới : 4,3m.
💰 Giá bán: 2 tỷ 890 triệu
☎️Lh: 0939517868 Huỳnh Tốt"
f0de4e33-223a-48be-b896-c06860c85569,Bán nền đường b12 kdc hưng phú 72m2 giá 2 tỷ 850 triệu,"2,85 Tỷ",72 m²,NaN,NaN,Tây-Bắc,"12, Hưng Phú, Cái Răng, Cần Thơ",['http://cdn.batdongsan.vn/FileManager/Upload/11272020/1-Copy-13.jpg'],0939739197,"🌼🌼Bán nền đường B12 KDC Hưng Phú 72m2 giá 2 tỷ 850 triệu⭐⭐
- Diện tích: 4,5 x 16 = 72m2
- Pháp lý: sổ hồng Thổ cư 100%
- Hướng: Tây bắc
- Lộ giới: 15m
💰Giá bán 2 tỷ 850 triệu
☎️Lh: 0939517868 Huỳnh Tốt"
956090ae-c00c-4a60-a90c-8fbb5d1e20ba,Bán đất dự án #fenixcity cần thơ 2 mặt tiền view sông hậu,240 Triệu,100 m²,NaN,NaN,NaN,"91C, Tân Phú, Cái Răng, Cần Thơ",['http://cdn.batdongsan.vn/FileManager/Upload/11242020/z218434270576624bce488ca56f29dd8ae1ecc46b1af92.jpg'],0707260783,"Cần bán đất Cần thơ mặt tiền đường Nam Sông Hậu
-Thuộc dự Án #FenixCity, Chủ đầu tư Vạn Phát
- Nằm trên đường Nam Sông Hậu Quận Cái Răng Cần Thơ
- Là tuyến đường kết nối giao thông: QL1A và QL91C
- Nằm ngay trung tâm TP Cần Thơ , Có BigC , Có công viên trung Tâm , khu vui chơi cho trẻ con , Trường học và một số Nhà thi đấu bao gồm tất cả các môn thể thao chân tay
- Cơ sở hạ tầng hoàn thiện
- Đặc biệt có đến 2 bến cảng cho du thuyền neo đậu mà rất ít và hầu như chưa dự án nào có
- Và đặc biệt dự án này cách bởi con sông Hậu chỉ có 1km bên kia bờ là Vĩnh Longc
-Nếu xui theo tuyến đường QL91C và Nguyễn Văn Linh chúng ta có thể tới được sân bay quốc tế Cần Thơ
- QL91C sắp tới sẽ đc quy hoạch làm lại thành 1 con đường lớn bao gồm 4 làng đường và có chiều rộng lên đến 80m
- Đường nội khu lên đến 12m bao gồm 16 con đường
- Thời gian nhân nền và sổ rơi vào khoản 3-7 ngày kể từ khi công chứng
- Hồ sơ pháp lý hoàn thiện bao gồm sổ hồng và sổ đỏ
- KH hỗ trợ lên đến 70% và một số chiếc khấu đặc biệt cho KH
- KH chỉ cần bỏ ra 240tr là đã kiếm cho mình 1 món hời lớn hơn mình tưởng tượng
***Nếu KH có thắc mắc hay muốn tìm hiểu kỹ hơn thì hãy lh sdt 0707260783 gặp Tuấn ạ !!!"
c82122f6-585e-494d-8af4-9b08342629a8,Chính chủ cần bán gấp lô đất giá tốt tại thành phố cần thơ,"2,45 Tỷ",191 m²,NaN,NaN,NaN,"khu dân cư Vĩnh Thạnh, huyện Vĩnh Thạnh, thành phố Cần Thơ",[],0916579379,"Chính Chủ Cần Bán Gấp Lô Đất Giá Tốt Tại thành phố Cần Thơ.
-Vị trí: khu dân cư Vĩnh Thạnh, huyện Vĩnh Thạnh, thành phố Cần Thơ.
-Diện tích: 191,5m2.( Ngang 8,5m dài 24m)
-Tổng giá: 2.45 tỷ/tổng( có thương lượng )
- ưu điểm : đất ở đô thị góc dân cư Trung Tâm hành chính huyện Vĩnh thạnh.
+ Đất có địa thế phong thủy tốt, hút tài lộc. nằm gần tiện ích như : chợ ,trường học ...
-Giao thông thuận tiện đi lại dễ dàng , rộng thông thoáng,
- Pháp lý đầy đủ, thủ tục sang tên nhanh chóng
Phù hợp với nhu cầu đầu cơ, tích trữ. Tiềm năng lớn: đất luôn tăng giá theo tình hình hiện tại chung của BĐS của khu vực, bảo đảm sinh lời
MỌI NHU CẦU VUI LÒNG XIN LIÊN Hệ :0916579379 để mua đất
(cần ra nhanh Chỉ tiếp khách thiện chí mua)"
d20d75e7-2ba7-4a11-b75d-ebeebef929aa,Bán nền thổ cư diện tích 4x25 giá 560 triệu p.ba láng q.cái răng,560 Triệu,94 m²,NaN,NaN,NaN,"61, Ba Láng, Cái Răng, Cần Thơ",['http://cdn.batdongsan.vn/FileManager/Upload/11202020/1262436794162368429012327665762774675774068n.jpg'],0937816369,"139. BÁN NỀN THỔ CƯ DIỆN TÍCH 4x25 GIÁ 560 TRIỆU
• nền thổ cư diện tích đẹp, cách cầu ba láng 5,6km, huyện Phong Điền, Thành Phố Cần Thơ, cách khu du lịch lung cột cầu 1,2km hướng về cầu ba láng
• diện tích: 4m x 25m = 94m2
• pháp lý: thổ cư 100%
• hướng: tây bắc
• lộ giới: 6,5m
••• giá bán: 560 triệu
••• liên hệ: 0937816369 AN"
7ad05c4a-01e3-4d05-b87c-b2f093c07d20,"Bán cặp nền trục chính hẻm 534 đường 30/4 (hẻm cặp ubnd phường hưng lợi) thông qua đường 3/2, p. hưng lợi, q. ninh kiều","2,2 Tỷ",51 m²,NaN,NaN,Tây-Nam,"30/4, Hưng Lợi, Ninh Kiều, Cần Thơ",['http://cdn.batdongsan.vn/FileManager/Upload/11202020/583-3.jpg'],0917636889,"LHT1.❇️❇️❇️BÁN CẶP NỀN TRỤC CHÍNH HẺM 534 ĐƯỜNG 30/4 (HẺM CẶP UBND PHƯỜNG HƯNG LỢI) THÔNG QUA ĐƯỜNG 3/2, P. HƯNG LỢI, Q. NINH KIỀU
Lộ trước nền 5M, bên hông lộ 4M
DT mỗi nền 4m x 12.8m = 51,2m2
Thổ cư 100%, cấp phép xây dựng chính
Hướng Tây Nam
Vị trí thuận tiện kinh doanh, mở văn phòng... Cách UB phường Hưng Lợi 200m, cách trường Tiểu học Hưng Lợi 2 chỉ 50m
Giá bán: Nền góc 2,4 tỷ. Nền kế góc 2,2 tỷ
☎️Liên hệ: 0917636889 gặp Khánh (nắm chủ)

---------------Nhận ký gửi nhà đất--------------"
e739b580-da87-4e26-b28b-e34d4a65c280,"Đất nền cần thơ quận bình thủy 120m2, khu đô thị ngôi sao","2,7 Triệu/m²",125 m²,NaN,NaN,Đông-Bắc,"Võ Văn Kiệt, Bình Thủy, Bình Thủy, Cần Thơ",['http://cdn.batdongsan.vn/FileManager/Upload/11192020/b4f8708e5d2da773fe3c.jpg'],0833332329,"Những dự án hạ tầng giao thông tiêu biểu:
Tuyến cao tốc đoạn Trung Lương – Mỹ Thuận và sẽ tiếp tục triển khai xây dựng đoạn Mỹ Thuận – Cần Thơ để hoàn thành khai thác đồng bộ toàn tuyến vào năm 2021.
Tuyến N2 từ TP HCM kết nối với các cầu Cao Lãnh, cầu Vàm Cống và tuyến Lộ Tẻ – Rạch Sỏi khi xây dựng hoàn thành đưa vào khai thác sẽ giúp cho việc kết nối của thành phố tới các tỉnh đồng bằng sông Cửu Long thêm thuận tiện hơn.
Chưa kể việc cách sân bay quốc tế Cần Thơ chỉ 2km nên việc di chuyển 2 chiều về các tỉnh xa như Hà Nội, Đà Nẵng, Hải Phòng,.. và cả các chiều bay quốc tế ở các nước khá dễ dàng càng gia tăng giá trị nhà phố, đất nền tại khu dân cư Stella Mega City."
d15e3b3a-e7ce-4b75-b120-dd17b6f23597,"Bán nhà 1 trệt 1 lầu ở nguyễn văn cừ, an hòa, ninh kiều, cần thơ","1,85 Tỷ",34 m²,3 (phòng),2 (tầng),NaN,"Đường Nguyễn Văn Cừ, Phường An Hòa, Quận Ninh Kiều, Cần Thơ",['http://cdn.batdongsan.vn/FileManager/Upload/11192020/4-Copy-31.jpg'],0904853456,"BÁN NHÀ 1 TRỆT 1 LẦU Ở NGUYỄN VĂN CỪ, AN HÒA, NINH KIỀU, CẦN THƠ
-Diện tích đất: 34 m² (Chiều ngang: 4.6 m,Chiều dài: 7.2 m)
-Hướng cửa chính: Nam
-Giấy tờ pháp lý: Đã có sổ chính chủ.
-Nội dung:
+ Nhà 1 trệt 1 lầu 68m2 gồm: 3 phòng ngủ, 1 phong khách, 2wv, 1 bếp, khu vực dọc sách, ban công.
+ Full nội thất, sang trọng hiện đại, lộ trước nhà 3m.
+Nhà còn đẹp , sạch sẽ, có thể dọn vào ở ngay.
+ Nhà cách nguyễn văn cừ 100m, gần UBND, nhà thờ, chợ, trường học các cấp…
+Khu an ninh tốt, hàng xóm thân thiện.
*Gía bán :1,85 tỷ- 34 m² (Giá/m2: 54,41 triệu/m²)
*Địa chỉ:Đường Nguyễn Văn Cừ, Phường An Hòa, Quận Ninh Kiều, Cần Thơ
*Liên hệ :: 0904853456"
79944a54-5627-4a99-bcdd-219f93e68208,"Bán nền thổ cư góc 2 mặt tiền hẻm 5 bùi hữu nghĩa diện tích 8,8x13,3m","1,79 Tỷ",117 m²,NaN,NaN,NaN,"Bình Thủy, Bình Thủy, Cần Thơ",['http://cdn.batdongsan.vn/FileManager/Upload/11172020/1252368084123986299517203106751544577083782n.jpg'],0937816369,"77. BÁN NỀN THỔ CƯ GÓC 2 MẶT TIỀN HẺM 5 BÙI HỮU NGHĨA DIỆN TÍCH 8,8x13,3M
• diện tích: 8.8m x 13.3m = 117.4m (nở hậu 9.7m)
• pháp lý: 110m thổ cư, 7,2m cây lâu năm
• lộ giới: 4m, bên hông 1.5m
• hướng: đông Bắc
• khu ổn định cấp phép chính, thích hợp xây dựng nhà ở, định cư lâu dài, phía trước làm sân vườn, tiểu cảnh, để xe ô tô
• qua chợ bình thủy 400m nhìn bên phải có hẻm 5. Đi vào hẻm tới ngã ba quẹo trái 200m nền nằm bên trái ngay góc. Trong 500m có chợ trường học, UBND phường Bình Thuỷ, Vinmart, bách hoá xanh,...
••• giá bán: 1 tỷ 790 triệu
••• liên hệ: 0937816369 AN"
ab084563-0f26-4fcd-900d-ff928c05539a,Bán nhanh nền a5-08 trả trước 780tr. dự án stella mega city cần thơ - kdc ngân thuận. lh:0912691477,21 Triệu/m²,120 m²,NaN,NaN,NaN,"đường Lê Hồng Phong, P. Bình Thủy, Q. Bình Thủy, Tp. Cần Thơ",['http://cdn.batdongsan.vn/FileManager/Upload/11172020/ba1eb254b23a4c64152b.jpg'],0912691477,"Sang nhượng gấp lô A5-08 ngay sát mặt tiền đường Lê Hồng Phong - KDC Ngân Thuận thích hợp đầu tư, kinh doanh, buôn bán.
► Diện tích: 120m2 (5x24) lộ giới 14m, đường đã được trải nhựa, có vỉa hè, hệ thống điện nước có đủ.
► Hướng Đông Nam luôn mát mẽ.
► Giá bán: 2 tỷ6
► Pháp lý sổ đỏ, thanh toán đủ 97% công chứng sang tên. Được ngân hàng hỗ trợ vay và miễn đóng gốc lãi 1 năm đầu.
► Thanh toán nhẹ, mỗi tháng chỉ 1% - 2%.
Tọa lạc tại vị trí thuộc KDC đẹp nhất CẦN THƠ với đầy đủ tiện tích, Cơ quan hành chính, trường học, bệnh viện, công viên, khu vui chơi giải trí, TTTM, siêu thị, phố đi bộ,…
'Liên hệ: 0912.69.1477 Mr. Lương"
8e843089-5b08-4cff-9f4a-c2534b3afc00,Đầu tư 1 lời 3 dự án khu đô thị sân bay đẹp nhất cần thơ trả trước 600tr nhận nền xây ngay,"1,806 Tỷ",90 m²,NaN,NaN,NaN,Bình Thuỷ Cần Thơ,['http://cdn.batdongsan.vn/FileManager/Upload/11172020/0-02-06-cab894e0353af90d65b66fb05469ad102a8021a2d2a69b347d2fec86c1f41c0fc4425082.jpg'],0569070489,"💥💥💥STELLA MEGA CITY SÂN BAY CẦN THƠ
🌿Thành Phố Cần Thơ trực thuộc Trung Ương - nhưng chưa có cơ hội phát triển mạnh vì cách biệt địa lý.
👉🏻 QUA NĂM TỚI 2021 đường cao tốc Trung Lương-Mỹ Thuận đi vào hoạt động sẽ kết nối TPHCM gần hơn rất nhiều.
👉🏻 Đó là lý do 2 ông lớn Vinhomes và Novaland đã và đang rục rịch nhiều dự án sắp triển khai, khi đó BĐS Cần Thơ sẽ HOT hơn bao giờ hết.
💥 Hãy đầu tư vào Stella Mega City ngay bây giờ để có lợi nhuận đột biến.
👉Với giá hiện giờ chỉ 1 tỷ 970 triệu với vị trí nằm ngay trong trung tâm.
🔜 Là vì đất Trung tâm - Pháp lý ổn định - sổ đỏ minh bạch từng nền.
💯 Đặc biệt chỉ cần thanh toán trước 30%.
👉 Lịch thanh toán nhẹ nhàng chỉ 1%/tháng.
👉Ngân hàng hỗ trợ vay lên đến 70%. 1 năm 6 tháng thảnh thơi không lãi không gốc.
💥💥💥Riêng KH vay sẽ hỗ trợ chắc chắn được duyệt vay mua dự án Stella mega city cần thơ.
☎️☎️☎️ Hotline PKD hỗ trợ thông tin dự án : 0931066613 (Zalo 0909653992 )
Nhận phân phối ký gửi sang nhượng mua bán đất nền sổ đỏ thổ cư Stella Mega City Ngân Thuận Bình Thuỷ Cần Thơ"
56706d38-a25b-47ff-9ac8-6a74a205fac3,"Bán cặp nền gốc (lộ 25m) thông lê hồng phong, kdc ngân thuận (dt 184,5m2), h.đn+tn giá tốt","5,2 Tỷ",184 m²,NaN,NaN,NaN,Bình Thuỷ Cần Thơ,['http://cdn.batdongsan.vn/FileManager/Upload/11172020/0-02-06-7082d4ad07dc3ed973cc5c87a5c8a946c203268375af126f86fe22d9edf50639f25f1b95.jpg'],0569070489,"💞Bán cặp nền gốc (lộ 25m) thông Lê Hồng Phong, KDC Ngân Thuận (DT 184,5m2), h.ĐN+TN♻️
Cặp nền góc đường số 1 (Hưng Long) và số 34, đường trải nhựa, cao ráo, sạch sẽ, lộ+lề (5-15-5)
✅Diện tích: 184,5m2 (ngang 9,75m x dài 20,36m) cạnh gốc là 7,19m2
✅Hướng: Đông Nam (lộ 25m) và Tây Nam (lộ 14m)
✅Gồm 2 nền liền kề (L38): Nền gốc (5,25 x 20,2m) và kế gốc (4,5 x 20,3m)
✅Vị trí đắc địa, hướng gió mát mẻ suốt ngày, Đông Nam và Tây Nam, phân khu RUBY
💵Giá bán: 5,2 tỷ (~28,18tr/nền), cấp phép xây dựng từ 2-4 lầu
♨️Pháp lý: thổ cư 100%, nền đã ra sổ hồng, hổ trợ vay ngân hàng,
👌🏻Vị trí: thuộc KDC đẹp nhất ở Cần Thơ tích hợp nhiều tiện ích như cơ quan hành chánh, quảng trường, sân bóng, trường học, bệnh viện, chợ, shophouse, công viên cá chép Koi Zen Garden, khu giải trí, phố đi bộ, đại lộ ánh sáng, đền Hùng….
🎯KDC Stella Mega City (Ngân Thuận) đã hoàn thiện cơ sở hạ tầng (điện âm, cống âm), nhiều cây xanh có tuổi thọ cao… cách bến Ninh Kiều 8km, sân bay Cần Thơ 2,6km, cầu Cần Thơ và bến xe miền Tây 11km, cách mặt tiền Đặng Văn Đầy 500m, Lê Hồng Phong 1km, thuận lợi kinh doanh đa ngành nghề, diện tích rộng rãi, tiềm năng tăng giá vượt trội.
- Có bán lẻ từng nền, giá tốt
☎️🤙Anh/Chị vui lòng liên hệ: 0931066613 (zalo 0909653992 )
Nhận ký gửi sang nhượng mua bán đất nền dự án Stella Mega City Ngân Thuận Cần Thơ"
580dc2b7-1c7b-4eae-84fb-81d09b8d9a07,Bán nền đường số 12 khu văn hóa tây đô cái răng gần big c giá tốt,"2,27 Tỷ",90 m²,NaN,NaN,NaN,Bình Thuỷ Cần Thơ,['http://cdn.batdongsan.vn/FileManager/Upload/11132020/0-02-06-ae3cf9b1d7305088f68a1db5ca24b37b96cbd423b85a3f39c438ba8e7dae3eee939bab8.jpg'],0569070489,"Bán nền Đường Số 12 Khu Văn Hóa Tây Đô
• DT: 5m x 18m = 90m2. Hẻm kỹ thuật 2m
° Nền bao đẹp k vướn gì.
° xung quanh là trường học mẫu giáo, cấp 1,2 và Công An, ỦY BAN Phường. AN NINH TUYỆT ĐỐI.
• Pháp lý : Sổ hồng thổ cư
• Hướng : Tây Nam
• Lộ giới 15,5m (4-7,5-4)
- Giá 2 Tỷ 270 Triệu
- Liên hệ: 0931066613 (zalo 0909653992) MrKhanh
Nhận ký gửi sang nhượng mua bán tư vấn đất nền sổ đỏ Quận Cái Răng Cần Thơ giá tốt ."
5207b0f4-3f98-47e3-8fab-815c0614ea81,Bán nền biệt thự kdc nam long 2 nền đẹp giá rẻ nhất thị trường,"5,499 Tỷ",175 m²,NaN,NaN,NaN,Bình Thuỷ Cần Thơ,['http://cdn.batdongsan.vn/FileManager/Upload/11132020/0-02-06-f65a246bad600c444ff6561d5e4142a71deaa258ad30ba27930d6aacce32f5e527be7767.jpg'],0569070489,"BÁN NỀN BIỆT THỰ KDC NAM LONG 2
✔Vị trí: đường số 4A. Trục nối giữa Hồ Cảnh Quan và khu chung cư cao cấp
✔Diện tích: 12,5m x 14m (tổng 175m2)
✔Sổ hồng thổ cư 100%
✔Hướng Tây Nam
✔Lộ giới 8m
✔Kdc cao cấp, văn minh, cơ sở hạ tầng đẹp bậc nhất CT. Bán kính 500m đầy đủ siêu thị tiện ích, công viên, bệnh viện, trường học,...
💰Giá 5 tỷ 499 (~31,5tr/m2) thương lượng
☎️Liên hệ : 0931066613 (zalo 0909653992) mr Khanh
Nhận ký gửi sang nhương mua bán nền nhà phố biệt thự shophouse sổ đỏ dự án KDC Nam Long Cái Răng\"
e28ffd7f-6fa5-4b64-9ada-a655891571c7,"Bán nhanh 2 lô đất giá tốt p.long hòa, q.bình thủy, tp cần thơ","2,23 Tỷ",137 m²,NaN,NaN,NaN,"Long Hòa, Bình Thủy, Cần Thơ",['http://cdn.batdongsan.vn/FileManager/Upload/11122020/3-Copy-12.jpg'],0943039499,"Bán nhanh 2 lô đất giá tốt P.Long Hòa, Q.Bình Thủy, tp Cần Thơ

*Nền 1: Đất mặt tiền đường Nguyễn Thị Tạo, cách đường Nguyễn Văn Linh 150m.
+ Diện tích: 137m2. Đất thổ cư 100%.
+ Giá 2 tỷ 230.

*Nền 2: Đất vườn Đinh Công Chánh, KV Bình Chánh, Phường Long Hòa
+ Diện tích: 2238m2.
+ Giá 1 tỷ 620.

Pháp lý rõ ràng, sổ riêng từng nền. Thủ tục sang tên nhanh chóng.
Vị trí các lô đất giao thông hết sức thuận lợi, gần nhiều tiện ích: trường học, chợ, bệnh viện, …
Rất thích hợp định cư lâu dài hoặc đầu tư sinh lời.

Liên hệ: 0943039499 – Chính chủ
Miễn l/h mời đăng tin."
a1658deb-c463-4d90-8507-7c9c0d4d1078,Đô thị thương mại lớn nhất nam cần thơ “trái tim miền tây”,560 Triệu,80 m²,NaN,NaN,NaN,"Võ Nguyên Giáp, Phú Thứ, Cái Răng, Cần Thơ",['http://cdn.batdongsan.vn/FileManager/Upload/11122020/05.jpg'],0909443729,"Nằm ở vị trí tiếp giáp giữa Cần Thơ và Hậu giang, là huyết mạch giao lưu 7 tỉnh miền tây con đường giao thương kinh tế quan trọng của cả nước, nối liền cảng hàng hải quốc tế với các cửa khẩu quốc tế.
-----------------------------------------------------------------
Mặt tiền trước QL91C rộng 80m với 4 làn đường, mặt tiền sau sông Hậu, nói theo phong thủy là Long mạch.
Quy hoạch 31,2ha 18.000 căn với 5 phân khu rõ ràng cho từng chức năng.
Xung quanh có nhiều khu công nghiệp đã hoạt động và đang được quy hoạch là đại khu công nghiệp ở phía nam với tổng nhân công 100.000 – 300.000 (bằng ½ dân số vũng tàu), trường học, bệnh viện, bến cảng, chợ, điện máy hiện hữu gần bên,…
Nội khu với nhiều tiện ích như: công viên, sân tập thể thao, trường mầm non, bến cảng, khu thương mại, chợ, biệt thự, phố đi bộ, khu thư giãn…
Công viên vui chơi cho giới trẻ check-in
Là nơi nghỉ ngơi thư giãn, vui chơi giải trí, tụ tập dân cư khu vực Tây Nam Bộ.
------------------------------------------------------------------
Hạ tầng hoàn thiện, điện âm nước máy có sẵn, đường nhựa 14-26m.
Diện tích: 80-150m2/1nền tùy phân khu.
Giá sở hữu: 560 triệu – 1 tỷ. (mức giá đảm bảo sinh lời).
Sổ hồng có sẵn, có thể xây dựng nhà luôn.
Liên hệ: 0909443729 (Công) bên chủ đầu tư, nếu có nhu cầu thêm thông tin."
1ef76e3c-c047-4076-b04a-b188ec3880fb,"Cần bán căn nhà đẹp vị trí đắc địa quận ninh kiều, cần thơ","12,5 Tỷ",72 m²,1 (phòng),1 (tầng),NaN,"Số 3, Đường Lý Thường Kiệt, Phường Tân An, Quận Ninh Kiều",[],0941062727,"Cần bán căn nhà đẹp vị trí đắc địa Quận Ninh Kiều, Cần Thơ
Địa chỉ: Số 3, Đường Lý Thường Kiệt, Phường Tân An, Quận Ninh Kiều, Cần Thơ
Diện tích: 72m2 (4x18)
Giá bán: 12.5 tỷ
Liên hệ chính chủ: 0941062727
Nhà 1 trệt, 1 lầu, thổ cư, hoàn công. Mặt tiền đường lớn Lý Thường Kiệt, gần khu bến Ninh Kiều.
Khu không khí trong lành, xanh sạch, an ninh đảm bảo. Dân trí cao, đông đúc, giao thông thuận tiện đi lại.
Phù hợp với nhu cầu đầu cơ tích trữ hoặc kinh doanh thu lời cao.
Pháp lý đầy đủ, thủ tục sang tên nhanh chóng. Mong tiếp khách thiện chí!"
2dfad0f6-4ed4-4a81-8d8d-473dc2110167,Đất nền an phú chính thức nhận giữ chỗ đất nền ngay trung tâm quận cái răng,3 Tỷ,75 m²,3 (phòng),3 (tầng),Đông-Nam,"2, Ba Láng, Cái Răng, Cần Thơ",['http://cdn.batdongsan.vn/FileManager/Upload/11112020/z2105551037889802f61b8bf03f118d1d27c4409fa5481.jpg'],0904745403,"💥 CHÚ Ý : TÀI CHÍNH 900 TRIỆU LÀ MUA ĐƯỢC NHÀ NHƯ HÌNH BÊN DƯỚI.
✅ MUA NHÀ TẶNG XE SH 150i
✅ CHIẾT KHẤU THÊM 3%.
✅ THÊM SỞ HỮU CĂN NHÀ TUYỆT ĐẸP NGAY TRUNG TÂM CÁI RĂNG
-------------------------------
💥 KHU NHÀ PHỐ 2 LẦU ĐẸP NHƯ Ở CHÂU ÂU ngay Chợ nổi Cái Răng- Đường Lê Hồng Nhi.
+ Diện tích: 76m² (4x19,25)
+ Hướng: Đông Nam
+ Đất ở đô thị - Sổ hồng riêng
✅Giá: 2 tỷ 950 triệu/ căn (NH HỖ TRỢ 70%)
✅ Đất nền kèm móng : 1tỷ 990 triệu/ nền xây sẵn móng + hố ga + GPXD 2 lầu.
⭐️ Vị trí chiến lược:
📍Lộ giới 20m- lề 3m
📍Nằm trên trục đường Lê Hồng Nhi - Cái Răng
📍Gần trường cấp 2, cấp 3, THCS Lê Bình, ĐHTĐ.
📍Chỉ 3 phút để đến chợ nổi Cái Răng
📍Thuận tiện ở và kinh doanh mua bán.
📍Liền kề tòa chung cư cao 8 tầng hơn 10.000 hộ dân.
📍Điện âm nước máy
📍Thích hợp mua bán đầu tư - kinh doanh.
--------------------------------
👉 Có hỗ trợ vay ngân hàng lên tới 70%. Ân hạn nợ gốc, hỗ trợ lãi suất 0%.
👉 HỖ TRỢ ngân hàng 15-20 năm lãi suất tối ưu nhất.
👉 Tiến độ thanh toán linh hoạt - chia thành nhiều đợt thanh toán nhẹ nhàng.
👉 Tính thanh khoản cao.
-------------------------------
☎️Ngay bây giờ hãy gọi: 090.4745 403 - Sang PKD để có xe đưa đón xem dự án."
ae8c56a4-7534-403a-870e-ca1f57358d8b,Bán nhà phố 2 lầu ngay công an quận cái răng giá chỉ 2 tỷ 900 triệu sổ hồng hoàn công,3 Tỷ,78 m²,3 (phòng),3 (tầng),Đông-Nam,"Nhật Tảo, Ba Láng, Cái Răng, Cần Thơ",['http://cdn.batdongsan.vn/FileManager/Upload/11102020/z2169669845953e36b3623cc54c25df2d06288b3bf3a1c.jpg'],0904745403,"💥 CHÚ Ý : TÀI CHÍNH 900 TRIỆU LÀ MUA ĐƯỢC NHÀ NHƯ HÌNH BÊN DƯỚI.
✅ MUA NHÀ TẶNG XE SH 150i
✅ CHIẾT KHẤU THÊM 3%.
✅ THÊM SỞ HỮU CĂN NHÀ TUYỆT ĐẸP NGAY TRUNG TÂM CÁI RĂNG
-------------------------------
💥 KHU NHÀ PHỐ 2 LẦU ĐẸP NHƯ Ở CHÂU ÂU ngay Chợ nổi Cái Răng- Đường Lê Hồng Nhi.
+ Diện tích: 76m² (4x19,25)
+ Hướng: Đông Nam
+ Đất ở đô thị - Sổ hồng riêng
✅Giá: 2 tỷ 950 triệu/ căn (NH HỖ TRỢ 70%)
✅ Đất nền kèm móng : 1tỷ 990 triệu/ nền xây sẵn móng + hố ga + GPXD 2 lầu.
⭐️ Vị trí chiến lược:
📍Lộ giới 20m- lề 3m
📍Nằm trên trục đường Lê Hồng Nhi - Cái Răng
📍Gần trường cấp 2, cấp 3, THCS Lê Bình, ĐHTĐ.
📍Chỉ 3 phút để đến chợ nổi Cái Răng
📍Thuận tiện ở và kinh doanh mua bán.
📍Liền kề tòa chung cư cao 8 tầng hơn 10.000 hộ dân.
📍Điện âm nước máy
📍Thích hợp mua bán đầu tư - kinh doanh.
--------------------------------
👉 Có hỗ trợ vay ngân hàng lên tới 70%. Ân hạn nợ gốc, hỗ trợ lãi suất 0%.
👉 HỖ TRỢ ngân hàng 15-20 năm lãi suất tối ưu nhất.
👉 Tiến độ thanh toán linh hoạt - chia thành nhiều đợt thanh toán nhẹ nhàng.
👉 Tính thanh khoản cao.
-------------------------------
☎️Ngay bây giờ hãy gọi: 090.4745 403 - Sang PKD để có xe đưa đón xem dự án."
1ad3d163-fba5-4cc3-be91-374575560095,Bán nhà phố 2 lầu diện tích 200m2 cách đại học tây đô 900m,3 Tỷ,79 m²,4 (phòng),3 (tầng),Đông-Nam,"1, Ba Láng, Cái Răng, Cần Thơ",['http://cdn.batdongsan.vn/FileManager/Upload/1192020/1227374648020296538642934466319537607497368o-copy.jpg'],0904745403,"💥 CHÚ Ý : TÀI CHÍNH 900 TRIỆU LÀ MUA ĐƯỢC NHÀ NHƯ HÌNH BÊN DƯỚI.
✅ MUA NHÀ TẶNG XE SH 150i
✅ CHIẾT KHẤU THÊM 3%.
✅ THÊM SỞ HỮU CĂN NHÀ TUYỆT ĐẸP NGAY TRUNG TÂM CÁI RĂNG
-------------------------------
💥 KHU NHÀ PHỐ 2 LẦU ĐẸP NHƯ Ở CHÂU ÂU ngay Chợ nổi Cái Răng- Đường Lê Hồng Nhi.
+ Diện tích: 76m² (4x19,25)
+ Hướng: Đông Nam
+ Đất ở đô thị - Sổ hồng riêng
✅Giá: 2 tỷ 950 triệu/ căn (NH HỖ TRỢ 70%)
✅ Đất nền kèm móng : 1tỷ 990 triệu/ nền xây sẵn móng + hố ga + GPXD 2 lầu.
⭐️ Vị trí chiến lược:
📍Lộ giới 20m- lề 3m
📍Nằm trên trục đường Lê Hồng Nhi - Cái Răng
📍Gần trường cấp 2, cấp 3, THCS Lê Bình, ĐHTĐ.
📍Chỉ 3 phút để đến chợ nổi Cái Răng
📍Thuận tiện ở và kinh doanh mua bán.
📍Liền kề tòa chung cư cao 8 tầng hơn 10.000 hộ dân.
📍Điện âm nước máy
📍Thích hợp mua bán đầu tư - kinh doanh.
--------------------------------
👉 Có hỗ trợ vay ngân hàng lên tới 70%. Ân hạn nợ gốc, hỗ trợ lãi suất 0%.
👉 HỖ TRỢ ngân hàng 15-20 năm lãi suất tối ưu nhất.
👉 Tiến độ thanh toán linh hoạt - chia thành nhiều đợt thanh toán nhẹ nhàng.
👉 Tính thanh khoản cao.
-------------------------------
☎️Ngay bây giờ hãy gọi: 090.4745 403 - Sang PKD để có xe đưa đón xem dự án.
an phú can thodu an an phu cai rangnha pho cai rangdat nen cai rang"
4782efcb-0aa6-4c12-beac-96d25d765d3f,"Bán nhà góc 2mt, 1 trệt 1 lầu hẻm 216 đường 3/2, hưng lợi, ninh kiều, tpct. lh:0913182450","3,9 Tỷ",148 m²,NaN,NaN,NaN,"Hưng Lợi, Ninh Kiều, Cần Thơ",['http://cdn.batdongsan.vn/FileManager/Upload/1172020/z21655287643953315101e9ac5332280ffe6154b40a901-Copy-1.jpg'],0913182450,"BÁN NHÀ GÓC HAi MẶT TIỀN, 1 TRỆT 1 LẦU HẺM 216
ĐƯỜNG 3/2 , PHƯỜNG HƯNG LỢI , QUẬN NINH KIỀU , TPCT
- DIỆN TÍCH : Sàn= 148m2
- PHÁP LÍ : thổ cư 100%, sổ Hồng hoàn công
- HƯỚNG : đông nam
- LỘ GIỚI : 4m xe ô tô tới nhà
- KẾT CẤU : 1 Trệt 1 lầu sàn BTCT đá hoa cương. Nhà gồm: Phòng khách, 4 phòng ngủ, 2 toilet, bếp, ban công và sân bên hông phơi đồ thoáng mát
- Nhà trang bị nội thất cao cấp.
- ƯU ĐIỂM : NHÀ CÁCH ĐƯỜNG 3/2 CHỈ 100m , HẺM DÂN CƯ ĐÔNG ĐÚC , ĐƯỜNG XÁ THÔNG THOÁNG , GẦN CHỢ , TRƯỜNG ĐẠI HỌC CẦN THƠ 300m, THÍCH HỢP ĐỊNH CƯ, TIỆN ÍCH XUNG QUANH ĐẦY ĐỦ
- Giá : 3tỷxxxTRIỆU
- Liên hệ : 0913182450"
e8b64da0-268f-4204-96ef-6a85199d6c8d,"Sang nhượng miếng đất tiền đường lộ giới 25m, khu đường ambi.lh: 0947461063",18 Triệu/m²,110 m²,NaN,NaN,NaN,"phường Bình Thủy, quận Bình Thủy, Tp.HCM",['http://cdn.batdongsan.vn/FileManager/Upload/1152020/stella-mega-city-tien-ich-1-1536x864.jpg'],0947461063,"Bán đất nền mặt tiền đường Đặng Văn Dày-KDC Ngân Thuận ( cũ), phường Bình Thủy, Quận Bình Thủy, TP.CT
Nhà mặt tiền đường(25m) kinh doanh, buôn bán vô cùng thuận tiện.
* Dòng tiền bỏ ra chỉ 19,3 tr/tháng
------------------------------------------------------------
+ Diện tích: 5x22= 110 m2
+ Pháp lý: sổ đỏ sở hữu lâu dài
+ Lộ giới 25m
+ Hướng Đông Bắc
-------------------------------------------------------------
+ Liên hệ: 0947461063 Mr.An
+ Gía bán: 1,97 tỷ/ nền
-------------------------------------------------------------
Cảm ơn anh/chị đã xem tin ạ."
40c63f08-8bff-4068-98cd-6f5cc915fd80,Bán nền mặt tiền đường lê hồng nhi quận cái răng giá 1 tỷ 450 triệu,"1,45 Tỷ",56 m²,NaN,NaN,NaN,"Lê Bình, Ba Láng, Cái Răng, Cần Thơ",['http://cdn.batdongsan.vn/FileManager/Upload/04112020/1232693574032996441949521916595356239834928n.jpg'],0937816369,"BÁN NỀN MẶT TIỀN ĐƯỜNG LÊ HỒNG NHI QUẬN CÁI RĂNG
• Vị trí : Mặt tiền Lê Hồng Nhi, nằm gần chung cư An Phú, trường THCS Lê Bình, Tiểu Học Lê Bình 2
• Diện tích : 4m x 14m = 56m2 thực tế 15m
• Lộ nhựa : 8m
• Pháp Lý : Thổ cư 100% . Cấp phép xây dựng chính
• Hướng : Tây Nam
• Nền đẹp, vuông vức, đã bó nền bơm cát bằng mặt lộ
••• Giá bán : 1 tỷ 450 triệu ( thương lượng nhẹ )
••• liên hệ: 0937816369 AN"
e77d6de9-01ba-4b74-b63a-97f6683a3c46,Bán nhà 1 trệt 1 lầu trục chính hẻm 1 nguyễn việt hồng,"3,699 Tỷ",53 m²,3 (phòng),1 (tầng),Đông,"An Phú, Ninh Kiều, Cần Thơ",['http://cdn.batdongsan.vn/FileManager/Upload/03112020/1233246474024351176147385367861476665041102n.jpg'],0937816369,"98. BÁN NHÀ 1 TRỆT 1 LẦU TRỤC CHÍNH HẺM 1 NGUYỄN VIỆT HỒNG
• Diện tích: 3.3m x 17m = 53.7m2. DTSD = 110m2
• Pháp lý thổ cư 100%, sổ hồng hoàn công
• Hướng Chánh Đông
• Lộ giới 4m xe ôtô tới nhà
• Kết cấu nhà gồm: 1 phòng khách rộng rãi đậu xe ôtô được, 2 phòng ngủ, 1 phòng sinh hoạt chung, 3 toilet, 1 nhà ăn + bếp, ban công thoáng mát. Nhà thiết kế hiện đại, phong cách sang trọng, mới đẹp mua dọn vào ở ngay
• Vị trí nhà rất đẹp nằm trên trục chính hẻm. Cách đường Mậu Thân chỉ 50m, cách đường Nguyễn Việt Hồng chỉ 100m. Thuận tiện kinh doanh mua bán, mở văn phòng, công ty, phòng mạch, SPA, shop online tại nhà
*** tặng toàn bộ nội thất trong nhà
••• Giá bán: 3 tỷ 699 triệu
••• liên hệ: 0937816369 AN"
70280210-1e76-4f4c-a10e-4de2c5de452b,Bán nhà 1 trệt 1 lầu góc 2 mặt tiền cách bờ hồ búng sáng 200m,"2,2 Tỷ",45 m²,3 (phòng),1 (tầng),Đông-Nam,"Nguyễn Văn Cừ, An Khánh, Ninh Kiều, Cần Thơ",['http://cdn.batdongsan.vn/FileManager/Upload/03112020/1230260494016061143643051529369726207509823n.jpg'],0937816369,"230. BÁN NHÀ 1 TRỆT 1 LẦU GÓC 2 MẶT TIỀN CÁCH BỜ HỒ BÚNG SÁNG 200M
• nhà vị trí đẹp cách Bờ Hồ Búng Xáng chỉ 200m, thông ra hẻm 388 và lộ ngân hàng. Trước nhà có quy hoạch mở rộng lộ 8m, bên hông nhà có quy hoạch bờ kè tiềm năng ra mặt tiền bờ kè
• kết cấu: 1 trệt 1 lầu mâm đúc, 3 phòng ngủ, ban công, có cửa bên hông thoáng mát view sông. Lộ đã nâng cấp sạch đẹp. Có làm hàng rào, mái che an toàn kiên cố, 02 lớp cửa. Trước nhà có đèn đường, lộ betong sạch đẹp.
• Diện tích: 5m x 9m= 45m2 DTSD 90m2
• Pháp lý: thổ cư-sổ hồng hoàn công
• lộ giới: 4m
• Hướng: Tây Nam - Đông Nam
••• giá bán: 2 tỷ 200 triệu (thương lượng, hỗ trợ vay ngân hàng)
••• liên hệ: 0937816369 AN"
1be469db-0ac4-41a7-aba6-31a1a7c7ebca,Bán nền thổ cư mặt tiền trần minh sơn đã có sổ hồng,"4,5 Tỷ",90 m²,NaN,NaN,Đông-Nam,"Nguyễn Văn Cừ, An Khánh, Ninh Kiều, Cần Thơ",['http://cdn.batdongsan.vn/FileManager/Upload/02112020/1232411654016306276951876390314112222666639n.jpg'],0937816369,"BÁN NỀN MẶT TIỀN TRẦN MINH SƠN
• nền vị trí đẹp mặt tiền đường trần minh sơn, thới nhựt 1, nối đường trần bạch đằng và đường Nguyễn tri phương khu vực có tiềm năng rất cao, thích hợp định cư lâu dài đầu tư sinh lời
• diện tích: 5 x 18 = 90m
• pháp lý: thổ cư-giấy hồng sở hạ tầng hoàn chỉnh
• Hướng : Đông Nam
• Lộ giới : 15 m
••• giá bán: 4 tỷ 500 triệu
••• liên hệ: 0937816369 AN"
184b2253-c88f-41a0-bc1e-efad592789d3,Đất nền phân khu mới đại lộ ánh sáng khu đại đô thị ngôi sao đầy đủ tiện ít cho một cuộc sống 5 sao,"1,974 Tỷ",99 m²,NaN,NaN,NaN,"Võ Văn Kiệt, Bình Thủy, Bình Thủy, Cần Thơ",['http://cdn.batdongsan.vn/FileManager/Upload/02112020/1232248873702273710861784178277263658487202n.jpg'],0779188224,"STELLA MEGA CITY - ĐẠI ĐÔ THỊ THÀNH PHỐ TRONG LÒNG THÀNH PHỐ""🌟🌟🌟🌟🌟
"" Phân Khu Ánh Sáng - The AMBI - Heritage Of Lights""🌟🌟🌟🌟🌟
🥇Vị trí độc tôn :trung tâm quận bình thủy ,mặt tiền đường Đặng Văn Đầy kết nối 2 trục đường chính Lê Hồng Phong và Võ Văn Kiệt
Y
🥈Tiện ích nội khu đẳng cấp;khu phức hợp thể thao ,trung tâm hội nghị quốc tế ,quảng trường ,công viên ,trung tâm hành chính,khu phức hợp thương mại ,công an ,trường học các cấp,trung tâm y tế
tiện ích ngoại khu đa dạng : sân bay ,trường đại học ,siêu thị ,....
🥉giai đoạn đầu tư sinh lời cao
🔥 -thanh toán linh hoạt,1% mỗi tháng
🔥ưu đãi cực khủng từ CĐT
-LIÊN HỆ NGAY : 0779 188 224 gặp Trân để biết thêm thông tin nhé 🌀"
77b4f67a-9b0a-45db-90b9-ae281de2ec54,Bán nền thổ cư khu dân cư đồng quê đường nguyễn văn linh giá 720 triệu,720 Triệu,68 m²,NaN,NaN,NaN,"Nguyễn Văn Linh, Long Tuyền, Bình Thủy, Cần Thơ",['http://cdn.batdongsan.vn/FileManager/Upload/01112020/1232442143997486612167174653556176898248321n.jpg'],0937816369,"170. BÁN NỀN THỔ CƯ KHU DÂN CƯ ĐỒNG QUÊ ĐƯỜNG NGUYỄN VĂN LINH GIÁ 720 TRIỆU
• nền vị trí đẹp xung quanh nhà cửa đông đúc hàng xón thân thiện, cách mặt tiền nguyễn văn linh chỉ vài trăm mét thích hợp định cư lâu dài hoặc nghĩ dưỡng
• diện tích: 4,5m x 15,2m= 68,2m2
• pháp lý: 50m2 thổ cư, 18,2 cây lâu năm
• hướng: tây nam
• lộ giới: 5m xe tải ra vào thoải mái
••• giá bán: 720 triệu
••• liên hệ: 0937816369 AN"
dd20b688-47cb-447f-adfa-b5d7dfdc94c7,Bán đất nền mặt tiền đường-lộ giới 25m-lh:0947461063,"19,3 Triệu/m²",110 m²,NaN,NaN,NaN,Bình Thủy-Cần Thô,['http://cdn.batdongsan.vn/FileManager/Upload/30102020/stella-mega-city-tong-the-note-tien-ich-1-1536x864.jpg'],0947461063,"Bán đất hai mặt tiền đường Đặng Văn Dày-Lộ giới 25M.+Vị trí: đất nằm ngay khu vực nhộn nhịp, rất thích hợp ,vừa kinh doanh ,mua bán hoặc lấy hộ khẩu cho con em đi học các trường điểm của QNK.....+Hướng :Tây Nam +Đông Bắc+Vỉa hè:5m+Dt:3 nở hậu 5x22=110m2(thổ cư 100%)thực tế sử dụng 110m2(cấp phép xây dựng 1 trệt 5 Lầu)+Giá bán:1ty970tr(thương lượng)"
ecbfd079-447e-44e1-83bd-9b8f609b02ca,Cần bán lô nền l62 lộ giới 25m giá ưu đãi - dự án stella mega city cần thơ. lh:0912691477,30 Triệu/m²,110 m²,NaN,NaN,NaN,"đường Võ Văn Kiệt, P. Bình Thủy, Q. Bình Thủy, Tp. Cần Thơ",['http://cdn.batdongsan.vn/FileManager/Upload/30102020/19719d4d3f2ec170983f.jpg'],0912691477,"CHUYỂN NHƯỢNG LÔ NỀN ĐẸP GIÁ RẺ DỰ ÁN STELLA MEGA CITY CẦN THƠ.
- Vị trí: lô L62 mặt tiền đường 25m (còn vài lô đẹp).
- Gần dãy shophouse dự án, khu công viên, hồ cá koi, đền thờ vua Hùng, trường học, chi cục thuế, UBND,…
- Diện tích: 110m2 (5x22).
- Hướng Đông Bắc.
- Pháp lý: sổ đỏ sở hữu lâu dài.
- Giá: 30tr/m2.
- Thanh toán linh hoạt 5%/ tháng và được ngân hàng hỗ trợ vay tối đa 70% - được miễn phí lãi suất & ân hạn nợ gốc 12 tháng đầu tiên.
Hotline: 0912.69.1477 (Mr. Lương) có xe đưa rước khách hàng đến xem dự án thực tế."
ccb813f4-9509-4336-b40e-a961b92a90eb,Bán nền trục chính hẻm 388 đường nguyễn văn cừ giá 1 tỷ 790 triệu,"1,79 Tỷ",50 m²,NaN,NaN,Đông-Bắc,"An Khánh, Ninh Kiều, Cần Thơ",['http://cdn.batdongsan.vn/FileManager/Upload/27102020/1224493163966857381896762501244640320128666n.jpg'],0937816369,"12. BÁN NỀN TRỤC CHÍNH HẺM 388 ĐƯỜNG NGUYỄN VĂN CỪ GIÁ 1 TỶ 790 TRIỆU
• nề vị trí đẹp, kế bên khu đại ngân, lộ đã nâng cấp đô thị cao ráo sạch sẽ, thông xuống bờ hồ búng xáng khu vực tiềm năng giá tăng cao
• Diện tích : 5.1m X 9.8m= 50M2
• pháp lý: thổ cư đặc, cấp phép xây dựng chính
• Hướng: Đông Bắc
• Lộ giới: 4m
••• giá bán: 1 tỷ 790 triệu
••• liên hệ: 0937816369 AN"
b79ad7ab-2a3f-48aa-9b7b-ee2189ddd8ae,Bán nền thổ cư đã có sổ phân khu the ambi stella mega city cần thơ . lh: 0931066613,"1,8 Tỷ",109 m²,NaN,NaN,NaN,"Lê Hồng Phong, Phường Bình Thủy, Cần Thơ",['http://cdn.batdongsan.vn/FileManager/Upload/27102020/0-02-06-115277b0473491f39d836accdbc0102748476837239179d1ebc85e132af105a75aa0e3f0.jpg'],0931066613,"💥💥Bảng Hàng Đẹp Nhất (STELLA MEGA CITY) Phân Khu ÁNH SÁNG AMBI trung tâm hành chính Bình Thủy Cần Thơ - khu đô thị mới lớn nhất , đẹp nhất, quy mô nhất TP Cần Thơ - cơ hội đầu tư sinh lời cao.
💫 Cọc ngay chỉ # 50triệu/nền
♦️Khách hàng được vay tối đa 70% từ VP Bank. LÃI SUẤT 0%, ÂN HẠN NỢ GỐC TRONG 12 THÁNG (Trong 12 tháng đầu, khách hàng ko phải trả bất cứ khoản tiền nào)
♦️ Khách hàng đã Mua, Mua thêm giai đoạn này được CK 1%
💥 CK cho KH mua sỉ:
❗Mua 2-3 nền ck 1%
❗Mua 4-6 nền: ck 2%
❗Mua 7 trở lên: ck 3%
♦️Ngân hàng hỗ trợ 70% tổng giá trị sản phẩm ( khách hàng chỉ cần bỏ ra 30%)
💥Chiết khấu đỉnh cao:
❗Đóng 60% - chiết khấu 4%
❗Đóng 97% - chiết khấu 6%
🤩🤩🤩🤩ĐẶC BIỆT ĐƯỢC TRẢ CHẬM 2 NĂM KHÔNG LÃI SUẤT MỖI THÁNG CHỈ THANH TOÁN TỪ 1%
---------------------------
💲💲GIÁ : 1,8tỷ đến 2,6 tỷ tùy theo diện tích 95m² đến 125m²
Hỗ trợ Ngay 100% lãi suất năm đầu tiên.
(Liên hệ sớm xem dự án và chọn vị trí đẹp)
☎️ ☎️Liên Hệ: 0931066613 (zalo 0909653992) mr Khanh
Chuyên nhận giữ chỗ ký gửi sang nhượng mua bán đất nền sổ đỏ nhà phố shophouse biệt thự dự án khu đô thị Stella Mega City KDC Ngân Thuận Cần Thơ"
ead159f0-12ee-4065-8a8a-1477002b97ef,"Mua đất nền kdc minh trí - chỉ từ 560tr/nền hỗ trợ vay đến 60% đã có sổ đỏ ,.,",560 Triệu,80 m²,NaN,NaN,NaN,"Ninh Kiều, Cần Thơ",['http://cdn.batdongsan.vn/FileManager/Upload/27102020/6105.jpg'],0928619350,"MUA ĐẤT NỀN KDC MINH TRÍ - CHỈ TỪ 560TR/NỀN
HỖ TRỢ VAY ĐẾN 60%
ĐÃ CÓ SỔ ĐỎ
Vị trí đẹp, giàu tiềm năng
Hỗ trợ xây dựng khai thác cam kết lợi nhuận tối thiểu 35%/năm
Hỗ trợ vay ngân hàng lên đến 60%, thanh toán linh hoạt
CHỈ 560 TRIỆU BẠN ĐÃ SỞ HỮU ĐƯỢC ĐẤT NỀN CÁCH TP CẦN THƠ CHỈ 15P ĐI XE MÁY
Nhà phố hiện đại bậc nhất tại khu vực miền Nam
Nội thất cao cấp, đẩy đủ, sang trọng
Dự án tích hợp nhiều tiện ích
Lộ giới 15m
Công viên
Siêu thị
An ninh
Spa làm đẹp, phòng gym, thể thao
Trường học, bệnh viện, trung tâm thương mại...
ĐẦU TƯ THÔNG MINH - ĐẤT ĐẸP - LỢI NHUẬN CAO
Nhanh tay đầu tư ngay để không bỏ lỡ cơ hội đầu tư tuyệt vời nhất!!

Liên hệ:
P. KINH DOANH

ĐV bán hàng: Cty TNHH ĐT & TM NHÀ XINH VTT."
